AFS PO Number,AFS Line,Plant,Division,Line,Product Group,Vendor Name,Material,PO_Create_Date,NDC_Date,Planned_Ship_Date,Actual_Ship_Date,Transit_Mode,Transit_Time_Days,Expected_Arrival_Date,Reason_Code,Units,Late
PO000001,2,2002,1,Mainline,RTW,EverGreen Fabrics,MAT00065,2025-05-22,2025-07-07,2025-05-24,2025-05-29,Sea,47,2025-07-15,Uncontrollable,925,Yes
PO000002,6,1003,1,Mainline,ACC,Crimson Stitch Co,MAT00045,2025-05-13,2025-08-08,2025-06-22,2025-07-06,Sea,43,2025-08-18,Factory_Delay,1074,Yes
PO000003,3,2002,1,Mainline,APP,EverGreen Fabrics,MAT00025,2025-06-02,2025-08-08,2025-06-23,2025-07-07,Sea,37,2025-08-13,Uncontrollable,1475,Yes
PO000004,7,1001,1,Mainline,HBG,Alpha Apparel Ltd,MAT00054,2025-05-03,2025-06-17,2025-05-04,2025-05-12,Sea,50,2025-07-01,Factory_Delay,833,Yes
PO000005,6,2001,1,Mainline,SHO,Delta Footwear,MAT00092,2025-05-26,2025-07-02,2025-05-22,2025-05-26,Sea,45,2025-07-10,Factory_Delay,551,Yes
PO000006,7,1001,1,Mainline,RTW,Alpha Apparel Ltd,MAT00092,2025-05-29,2025-07-10,2025-05-23,2025-05-23,Air,8,2025-05-31,Internal_Delay,499,No
PO000007,2,3001,2,Mainline,HBG,Falcon Garments,MAT00065,2025-05-18,2025-08-04,2025-06-25,2025-07-02,Truck,7,2025-07-09,Transport_Disruption,154,No
PO000008,3,1001,1,Mainline,APP,Alpha Apparel Ltd,MAT00081,2025-05-05,2025-06-08,2025-04-24,2025-05-05,Sea,39,2025-06-13,Uncontrollable,726,Yes
PO000009,2,1002,1,Mainline,HBG,BlueOcean Textiles,MAT00110,2025-05-01,2025-07-20,2025-06-03,2025-06-16,Sea,42,2025-07-28,Factory_Delay,203,Yes
PO000010,2,1002,1,Outlet,SHO,BlueOcean Textiles,MAT00012,2025-05-01,2025-07-23,2025-06-07,2025-06-22,Truck,7,2025-06-29,Factory_Delay,673,No
PO000011,7,2002,1,Outlet,ACC,EverGreen Fabrics,MAT00103,2025-06-03,2025-08-09,2025-06-21,2025-06-22,Air,7,2025-06-29,Transport_Disruption,298,No
PO000012,6,1001,2,Mainline,SHO,Alpha Apparel Ltd,MAT00051,2025-05-17,2025-06-20,2025-05-04,2025-05-04,Truck,7,2025-05-11,Material_Delay,1033,No
PO000013,5,1002,1,Mainline,ACC,BlueOcean Textiles,MAT00043,2025-05-11,2025-07-02,2025-05-19,2025-05-31,Sea,38,2025-07-08,Transport_Disruption,330,Yes
PO000014,3,1003,1,Outlet,RTW,Crimson Stitch Co,MAT00051,2025-05-19,2025-07-08,2025-05-23,2025-05-28,Sea,40,2025-07-07,Material_Delay,1478,No
PO000015,6,1001,1,Mainline,SHO,Alpha Apparel Ltd,MAT00049,2025-05-14,2025-09-10,2025-08-01,2025-08-11,Sea,48,2025-09-28,Factory_Delay,156,Yes
PO000016,7,2002,1,Outlet,HBG,EverGreen Fabrics,MAT00099,2025-05-15,2025-07-30,2025-06-17,2025-07-04,Sea,41,2025-08-14,Material_Delay,127,Yes
PO000017,2,2002,1,Mainline,ACC,EverGreen Fabrics,MAT00007,2025-05-03,2025-06-24,2025-05-15,2025-05-24,Sea,49,2025-07-12,Material_Delay,1265,Yes
PO000018,1,2002,1,Mainline,HBG,EverGreen Fabrics,MAT00103,2025-05-22,2025-09-18,2025-08-07,2025-08-08,Sea,38,2025-09-15,Internal_Delay,1467,No
PO000019,3,1001,1,Mainline,SHO,Alpha Apparel Ltd,MAT00008,2025-05-19,2025-07-29,2025-06-17,2025-06-28,Sea,45,2025-08-12,Material_Delay,926,Yes
PO000020,6,2002,2,Mainline,RTW,EverGreen Fabrics,MAT00070,2025-05-06,2025-06-08,2025-04-29,2025-05-11,Truck,14,2025-05-25,Factory_Delay,872,No
PO000021,1,1003,1,Mainline,APP,Crimson Stitch Co,MAT00024,2025-05-31,2025-07-05,2025-05-17,2025-05-22,Truck,15,2025-06-06,Transport_Disruption,243,No
PO000022,7,1003,1,Mainline,APP,Crimson Stitch Co,MAT00005,2025-05-06,2025-06-30,2025-05-16,2025-05-23,Sea,38,2025-06-30,Transport_Disruption,162,No
PO000023,4,1001,1,Mainline,RTW,Alpha Apparel Ltd,MAT00011,2025-05-13,2025-06-14,2025-04-25,2025-05-17,Sea,36,2025-06-22,Material_Delay,62,Yes
PO000024,2,2001,1,Mainline,HBG,Delta Footwear,MAT00009,2025-05-11,2025-06-24,2025-05-12,2025-05-12,Truck,7,2025-05-19,Transport_Disruption,367,No
PO000025,4,2001,1,Outlet,ACC,Delta Footwear,MAT00009,2025-06-03,2025-09-16,2025-07-30,2025-08-09,Truck,14,2025-08-23,Factory_Delay,922,No
PO000026,5,3001,2,Outlet,RTW,Falcon Garments,MAT00005,2025-05-19,2025-09-03,2025-07-24,2025-08-20,Sea,44,2025-10-03,Uncontrollable,138,Yes
PO000027,2,3001,2,Mainline,HBG,Falcon Garments,MAT00023,2025-05-15,2025-07-08,2025-05-19,2025-05-25,Air,6,2025-05-31,Internal_Delay,1112,No
PO000028,3,3001,2,Mainline,SHO,Falcon Garments,MAT00064,2025-05-15,2025-07-12,2025-05-23,2025-05-23,Truck,10,2025-06-02,Material_Delay,206,No
PO000029,6,1001,1,Mainline,HBG,Alpha Apparel Ltd,MAT00068,2025-05-22,2025-08-25,2025-07-15,2025-07-22,Sea,49,2025-09-09,Material_Delay,277,Yes
PO000030,5,2001,1,Outlet,RTW,Delta Footwear,MAT00029,2025-05-04,2025-08-17,2025-06-29,2025-07-08,Sea,38,2025-08-15,Factory_Delay,1365,No
PO000031,2,1003,1,Outlet,SHO,Crimson Stitch Co,MAT00104,2025-05-06,2025-08-15,2025-07-02,2025-07-13,Sea,49,2025-08-31,Material_Delay,877,Yes
PO000032,3,2001,1,Outlet,RTW,Delta Footwear,MAT00037,2025-05-08,2025-07-07,2025-05-27,2025-06-17,Sea,48,2025-08-04,Factory_Delay,1369,Yes
PO000033,1,3001,2,Mainline,RTW,Falcon Garments,MAT00021,2025-05-26,2025-07-30,2025-06-15,2025-06-15,Sea,49,2025-08-03,Internal_Delay,710,Yes
PO000034,7,1001,2,Mainline,HBG,Alpha Apparel Ltd,MAT00026,2025-05-25,2025-09-21,2025-08-12,2025-08-13,Sea,45,2025-09-27,Uncontrollable,467,Yes
PO000035,3,1001,1,Mainline,ACC,Alpha Apparel Ltd,MAT00051,2025-05-24,2025-07-17,2025-06-03,2025-06-07,Sea,36,2025-07-13,Factory_Delay,1122,No
PO000036,7,1001,2,Mainline,APP,Alpha Apparel Ltd,MAT00063,2025-05-07,2025-06-06,2025-04-23,2025-05-08,Truck,7,2025-05-15,Material_Delay,478,No
PO000037,5,3001,2,Mainline,HBG,Falcon Garments,MAT00078,2025-05-02,2025-07-08,2025-05-21,2025-05-30,Air,5,2025-06-04,Factory_Delay,211,No
PO000038,4,1001,1,Mainline,SHO,Alpha Apparel Ltd,MAT00007,2025-05-29,2025-07-05,2025-05-16,2025-05-20,Sea,41,2025-06-30,Transport_Disruption,492,No
PO000039,7,2002,1,Mainline,RTW,EverGreen Fabrics,MAT00067,2025-06-02,2025-07-09,2025-05-21,2025-05-25,Truck,10,2025-06-04,Internal_Delay,214,No
PO000040,6,2002,1,Mainline,SHO,EverGreen Fabrics,MAT00007,2025-05-10,2025-06-15,2025-04-26,2025-05-04,Sea,47,2025-06-20,Factory_Delay,964,Yes
PO000041,4,2002,1,Outlet,RTW,EverGreen Fabrics,MAT00020,2025-05-11,2025-06-11,2025-04-24,2025-05-03,Sea,48,2025-06-20,Transport_Disruption,954,Yes
PO000042,2,2002,1,Outlet,APP,EverGreen Fabrics,MAT00024,2025-05-17,2025-08-28,2025-07-16,2025-07-16,Sea,50,2025-09-04,Uncontrollable,770,Yes
PO000043,2,1003,1,Outlet,SHO,Crimson Stitch Co,MAT00109,2025-05-25,2025-09-04,2025-07-21,2025-07-22,Air,5,2025-07-27,Transport_Disruption,854,No
PO000044,3,3001,2,Mainline,APP,Falcon Garments,MAT00041,2025-06-03,2025-07-19,2025-06-03,2025-06-08,Truck,13,2025-06-21,Transport_Disruption,391,No
PO000045,5,1003,2,Outlet,SHO,Crimson Stitch Co,MAT00012,2025-05-07,2025-06-15,2025-04-26,2025-05-08,Sea,46,2025-06-23,Material_Delay,1436,Yes
PO000046,1,1003,1,Outlet,RTW,Crimson Stitch Co,MAT00021,2025-05-11,2025-07-19,2025-06-09,2025-06-09,Truck,13,2025-06-22,Material_Delay,793,No
PO000047,3,3001,1,Mainline,RTW,Falcon Garments,MAT00056,2025-06-02,2025-08-06,2025-06-20,2025-06-29,Air,6,2025-07-05,Factory_Delay,531,No
PO000048,1,1002,1,Mainline,HBG,BlueOcean Textiles,MAT00001,2025-05-25,2025-08-23,2025-07-14,2025-07-20,Sea,37,2025-08-26,Transport_Disruption,180,Yes
PO000049,2,2002,1,Outlet,SHO,EverGreen Fabrics,MAT00012,2025-05-19,2025-07-31,2025-06-21,2025-06-21,Sea,42,2025-08-02,Uncontrollable,388,Yes
PO000050,7,2002,2,Outlet,HBG,EverGreen Fabrics,MAT00082,2025-05-25,2025-07-05,2025-05-26,2025-06-04,Air,5,2025-06-09,Uncontrollable,1089,No
PO000051,7,1001,1,Mainline,SHO,Alpha Apparel Ltd,MAT00007,2025-05-14,2025-08-30,2025-07-15,2025-07-20,Sea,47,2025-09-05,Transport_Disruption,643,Yes
PO000052,7,3001,1,Mainline,ACC,Falcon Garments,MAT00106,2025-05-17,2025-06-29,2025-05-17,2025-05-24,Sea,36,2025-06-29,Factory_Delay,180,No
PO000053,5,1003,1,Outlet,APP,Crimson Stitch Co,MAT00039,2025-05-15,2025-06-17,2025-05-03,2025-05-18,Sea,48,2025-07-05,Material_Delay,360,Yes
PO000054,3,1002,2,Mainline,RTW,BlueOcean Textiles,MAT00013,2025-05-18,2025-07-18,2025-05-31,2025-06-09,Sea,47,2025-07-26,Factory_Delay,1007,Yes
PO000055,1,2002,1,Mainline,APP,EverGreen Fabrics,MAT00010,2025-05-30,2025-07-23,2025-06-09,2025-06-09,Truck,8,2025-06-17,Material_Delay,342,No
PO000056,1,1001,2,Mainline,HBG,Alpha Apparel Ltd,MAT00088,2025-05-04,2025-06-14,2025-05-05,2025-05-14,Truck,12,2025-05-26,Uncontrollable,856,No
PO000057,7,3001,1,Outlet,SHO,Falcon Garments,MAT00025,2025-05-07,2025-07-27,2025-06-10,2025-06-18,Sea,47,2025-08-04,Factory_Delay,1439,Yes
PO000058,2,1003,1,Mainline,HBG,Crimson Stitch Co,MAT00003,2025-05-06,2025-06-09,2025-04-24,2025-05-01,Sea,43,2025-06-13,Transport_Disruption,1172,Yes
PO000059,4,1002,1,Mainline,ACC,BlueOcean Textiles,MAT00050,2025-05-18,2025-08-17,2025-06-28,2025-07-03,Sea,49,2025-08-21,Factory_Delay,1162,Yes
PO000060,1,2001,1,Mainline,HBG,Delta Footwear,MAT00056,2025-05-03,2025-06-30,2025-05-19,2025-05-30,Truck,15,2025-06-14,Factory_Delay,89,No
PO000061,1,2002,2,Mainline,APP,EverGreen Fabrics,MAT00079,2025-05-08,2025-06-11,2025-05-01,2025-05-16,Sea,42,2025-06-27,Material_Delay,89,Yes
PO000062,3,2002,1,Outlet,ACC,EverGreen Fabrics,MAT00080,2025-05-28,2025-08-24,2025-07-15,2025-07-23,Sea,47,2025-09-08,Factory_Delay,1418,Yes
PO000063,5,1002,1,Mainline,APP,BlueOcean Textiles,MAT00007,2025-05-05,2025-07-18,2025-06-07,2025-06-13,Air,5,2025-06-18,Material_Delay,405,No
PO000064,2,3001,2,Mainline,SHO,Falcon Garments,MAT00096,2025-05-13,2025-07-27,2025-06-17,2025-07-05,Sea,49,2025-08-23,Uncontrollable,915,Yes
PO000065,4,2002,2,Mainline,SHO,EverGreen Fabrics,MAT00105,2025-06-01,2025-09-01,2025-07-17,2025-07-25,Sea,45,2025-09-08,Factory_Delay,241,Yes
PO000066,1,2001,1,Mainline,HBG,Delta Footwear,MAT00022,2025-05-26,2025-09-14,2025-07-27,2025-08-12,Sea,46,2025-09-27,Uncontrollable,812,Yes
PO000067,3,2001,2,Mainline,ACC,Delta Footwear,MAT00033,2025-05-06,2025-08-22,2025-07-05,2025-07-16,Sea,43,2025-08-28,Factory_Delay,88,Yes
PO000068,7,2002,1,Mainline,SHO,EverGreen Fabrics,MAT00047,2025-05-14,2025-09-04,2025-07-21,2025-07-28,Truck,14,2025-08-11,Factory_Delay,1038,No
PO000069,5,2002,1,Mainline,HBG,EverGreen Fabrics,MAT00069,2025-05-03,2025-06-02,2025-04-22,2025-04-23,Sea,43,2025-06-05,Internal_Delay,841,Yes
PO000070,4,1002,2,Mainline,APP,BlueOcean Textiles,MAT00046,2025-05-25,2025-07-10,2025-05-25,2025-05-29,Sea,36,2025-07-04,Factory_Delay,248,No
PO000071,3,2002,1,Mainline,APP,EverGreen Fabrics,MAT00003,2025-05-20,2025-08-03,2025-06-22,2025-07-08,Sea,43,2025-08-20,Factory_Delay,1066,Yes
PO000072,4,3001,1,Mainline,ACC,Falcon Garments,MAT00064,2025-05-13,2025-08-31,2025-07-19,2025-08-07,Sea,36,2025-09-12,Material_Delay,1439,Yes
PO000073,7,3001,1,Mainline,HBG,Falcon Garments,MAT00102,2025-05-08,2025-06-17,2025-05-03,2025-05-07,Sea,46,2025-06-22,Transport_Disruption,722,Yes
PO000074,2,1002,1,Mainline,HBG,BlueOcean Textiles,MAT00105,2025-05-13,2025-07-11,2025-05-22,2025-05-26,Sea,41,2025-07-06,Internal_Delay,243,No
PO000075,6,1002,1,Outlet,SHO,BlueOcean Textiles,MAT00106,2025-05-11,2025-08-09,2025-06-22,2025-07-01,Sea,43,2025-08-13,Internal_Delay,1443,Yes
PO000076,4,1002,1,Outlet,ACC,BlueOcean Textiles,MAT00007,2025-05-11,2025-09-01,2025-07-16,2025-07-27,Truck,9,2025-08-05,Transport_Disruption,1200,No
PO000077,1,2001,2,Mainline,APP,Delta Footwear,MAT00087,2025-05-12,2025-06-23,2025-05-12,2025-05-12,Truck,13,2025-05-25,Internal_Delay,337,No
PO000078,3,2001,1,Outlet,RTW,Delta Footwear,MAT00096,2025-05-03,2025-06-29,2025-05-19,2025-05-25,Sea,40,2025-07-04,Material_Delay,1280,Yes
PO000079,1,2001,1,Outlet,SHO,Delta Footwear,MAT00061,2025-05-24,2025-07-12,2025-05-27,2025-05-27,Truck,10,2025-06-06,Material_Delay,627,No
PO000080,7,1002,2,Mainline,ACC,BlueOcean Textiles,MAT00058,2025-05-12,2025-06-13,2025-04-25,2025-05-09,Truck,9,2025-05-18,Transport_Disruption,843,No
PO000081,4,3001,1,Mainline,SHO,Falcon Garments,MAT00037,2025-05-05,2025-07-11,2025-05-30,2025-06-06,Sea,43,2025-07-19,Factory_Delay,1157,Yes
PO000082,2,3001,1,Mainline,APP,Falcon Garments,MAT00066,2025-05-05,2025-08-07,2025-06-25,2025-07-05,Sea,41,2025-08-15,Transport_Disruption,1376,Yes
PO000083,7,1003,2,Mainline,SHO,Crimson Stitch Co,MAT00093,2025-05-10,2025-08-23,2025-07-12,2025-07-25,Truck,12,2025-08-06,Material_Delay,1357,No
PO000084,1,1003,2,Mainline,RTW,Crimson Stitch Co,MAT00049,2025-05-28,2025-09-13,2025-07-30,2025-07-31,Sea,36,2025-09-05,Factory_Delay,383,No
PO000085,2,1001,1,Outlet,RTW,Alpha Apparel Ltd,MAT00001,2025-05-06,2025-08-02,2025-06-17,2025-07-03,Sea,36,2025-08-08,Factory_Delay,1289,Yes
PO000086,3,1003,1,Mainline,RTW,Crimson Stitch Co,MAT00057,2025-05-31,2025-08-24,2025-07-15,2025-07-29,Sea,38,2025-09-05,Material_Delay,200,Yes
PO000087,6,2002,1,Outlet,APP,EverGreen Fabrics,MAT00008,2025-05-21,2025-06-20,2025-05-07,2025-05-17,Sea,36,2025-06-22,Transport_Disruption,1266,Yes
PO000088,7,1002,1,Mainline,SHO,BlueOcean Textiles,MAT00017,2025-05-26,2025-07-02,2025-05-20,2025-05-23,Sea,43,2025-07-05,Internal_Delay,863,Yes
PO000089,4,1001,1,Outlet,RTW,Alpha Apparel Ltd,MAT00048,2025-05-05,2025-09-01,2025-07-14,2025-08-05,Truck,15,2025-08-20,Uncontrollable,1020,No
PO000090,4,1002,1,Mainline,ACC,BlueOcean Textiles,MAT00070,2025-06-03,2025-09-22,2025-08-11,2025-08-19,Truck,7,2025-08-26,Material_Delay,1417,No
PO000091,6,3001,1,Mainline,HBG,Falcon Garments,MAT00076,2025-05-07,2025-06-20,2025-05-05,2025-05-28,Sea,37,2025-07-04,Material_Delay,151,Yes
PO000092,2,1003,1,Mainline,SHO,Crimson Stitch Co,MAT00066,2025-05-09,2025-06-10,2025-04-25,2025-05-02,Sea,40,2025-06-11,Internal_Delay,678,Yes
PO000093,5,1002,1,Mainline,RTW,BlueOcean Textiles,MAT00079,2025-05-15,2025-07-26,2025-06-12,2025-06-15,Air,7,2025-06-22,Internal_Delay,838,No
PO000094,5,3001,1,Mainline,APP,Falcon Garments,MAT00052,2025-05-27,2025-07-24,2025-06-06,2025-06-13,Sea,48,2025-07-31,Transport_Disruption,51,Yes
PO000095,1,2002,1,Mainline,ACC,EverGreen Fabrics,MAT00007,2025-05-31,2025-09-11,2025-07-29,2025-08-04,Sea,44,2025-09-17,Material_Delay,1001,Yes
PO000096,4,2001,1,Outlet,HBG,Delta Footwear,MAT00044,2025-05-13,2025-07-03,2025-05-19,2025-05-30,Sea,44,2025-07-13,Material_Delay,570,Yes
PO000097,7,1002,1,Mainline,SHO,BlueOcean Textiles,MAT00072,2025-05-24,2025-09-10,2025-07-22,2025-07-26,Truck,13,2025-08-08,Factory_Delay,1275,No
PO000098,1,1002,2,Mainline,SHO,BlueOcean Textiles,MAT00069,2025-06-03,2025-08-04,2025-06-21,2025-07-06,Sea,39,2025-08-14,Material_Delay,468,Yes
PO000099,4,1003,1,Mainline,RTW,Crimson Stitch Co,MAT00057,2025-05-25,2025-06-25,2025-05-08,2025-05-11,Sea,43,2025-06-23,Transport_Disruption,508,No
PO000100,7,2001,2,Mainline,SHO,Delta Footwear,MAT00032,2025-06-02,2025-08-06,2025-06-19,2025-07-10,Sea,40,2025-08-19,Material_Delay,474,Yes
PO000101,7,2001,1,Outlet,APP,Delta Footwear,MAT00005,2025-05-27,2025-07-27,2025-06-11,2025-06-27,Sea,44,2025-08-10,Factory_Delay,1332,Yes
PO000102,6,3001,1,Mainline,HBG,Falcon Garments,MAT00035,2025-06-03,2025-09-27,2025-08-11,2025-08-23,Sea,38,2025-09-30,Factory_Delay,502,Yes
PO000103,5,2002,1,Mainline,SHO,EverGreen Fabrics,MAT00062,2025-05-30,2025-08-22,2025-07-03,2025-07-12,Sea,41,2025-08-22,Material_Delay,397,No
PO000104,3,3001,2,Outlet,APP,Falcon Garments,MAT00065,2025-05-30,2025-07-19,2025-06-02,2025-06-09,Sea,41,2025-07-20,Transport_Disruption,849,Yes
PO000105,1,2002,2,Outlet,SHO,EverGreen Fabrics,MAT00014,2025-06-02,2025-07-24,2025-06-05,2025-06-05,Sea,35,2025-07-10,Material_Delay,884,No
PO000106,4,3001,1,Mainline,ACC,Falcon Garments,MAT00022,2025-05-15,2025-09-07,2025-07-23,2025-07-25,Sea,35,2025-08-29,Material_Delay,91,No
PO000107,6,1002,1,Mainline,SHO,BlueOcean Textiles,MAT00030,2025-05-14,2025-06-18,2025-05-01,2025-05-03,Sea,36,2025-06-08,Internal_Delay,908,No
PO000108,2,1003,1,Outlet,SHO,Crimson Stitch Co,MAT00025,2025-05-02,2025-06-25,2025-05-11,2025-05-19,Sea,35,2025-06-23,Material_Delay,1183,No
PO000109,6,3001,1,Mainline,HBG,Falcon Garments,MAT00006,2025-05-25,2025-07-06,2025-05-21,2025-06-02,Sea,47,2025-07-19,Factory_Delay,1085,Yes
PO000110,4,2002,2,Outlet,RTW,EverGreen Fabrics,MAT00060,2025-05-06,2025-07-06,2025-05-27,2025-05-27,Sea,37,2025-07-03,Transport_Disruption,336,No
PO000111,3,2002,2,Mainline,SHO,EverGreen Fabrics,MAT00011,2025-05-31,2025-08-24,2025-07-13,2025-07-18,Sea,50,2025-09-06,Material_Delay,813,Yes
PO000112,1,2001,1,Mainline,RTW,Delta Footwear,MAT00103,2025-05-29,2025-08-18,2025-07-02,2025-07-17,Sea,49,2025-09-04,Material_Delay,817,Yes
PO000113,5,1003,1,Mainline,RTW,Crimson Stitch Co,MAT00086,2025-05-05,2025-07-28,2025-06-09,2025-06-23,Sea,41,2025-08-03,Factory_Delay,1496,Yes
PO000114,5,1001,1,Outlet,RTW,Alpha Apparel Ltd,MAT00085,2025-05-18,2025-07-31,2025-06-14,2025-06-21,Sea,45,2025-08-05,Material_Delay,752,Yes
PO000115,5,2001,1,Mainline,APP,Delta Footwear,MAT00034,2025-05-18,2025-08-07,2025-06-23,2025-07-04,Air,5,2025-07-09,Material_Delay,621,No
PO000116,5,1001,2,Mainline,APP,Alpha Apparel Ltd,MAT00104,2025-05-21,2025-07-17,2025-06-07,2025-06-12,Sea,40,2025-07-22,Material_Delay,249,Yes
PO000117,1,1001,1,Mainline,ACC,Alpha Apparel Ltd,MAT00069,2025-06-01,2025-08-13,2025-06-24,2025-07-08,Truck,9,2025-07-17,Material_Delay,713,No
PO000118,1,2002,1,Mainline,APP,EverGreen Fabrics,MAT00011,2025-05-15,2025-09-04,2025-07-22,2025-07-29,Sea,44,2025-09-11,Internal_Delay,1334,Yes
PO000119,5,3001,2,Mainline,SHO,Falcon Garments,MAT00038,2025-06-01,2025-09-19,2025-08-07,2025-08-07,Sea,35,2025-09-11,Internal_Delay,1455,No
PO000120,4,3001,1,Outlet,SHO,Falcon Garments,MAT00010,2025-05-21,2025-07-25,2025-06-15,2025-07-12,Sea,39,2025-08-20,Uncontrollable,209,Yes
PO000121,7,2001,1,Mainline,HBG,Delta Footwear,MAT00040,2025-05-18,2025-08-10,2025-06-29,2025-06-29,Sea,40,2025-08-08,Material_Delay,463,No
PO000122,4,2002,1,Mainline,HBG,EverGreen Fabrics,MAT00021,2025-06-01,2025-08-08,2025-06-19,2025-06-19,Sea,39,2025-07-28,Factory_Delay,1470,No
PO000123,6,2002,2,Outlet,APP,EverGreen Fabrics,MAT00096,2025-05-11,2025-09-03,2025-07-20,2025-07-31,Truck,8,2025-08-08,Uncontrollable,1480,No
PO000124,4,2002,1,Outlet,HBG,EverGreen Fabrics,MAT00056,2025-05-03,2025-08-03,2025-06-19,2025-06-24,Sea,41,2025-08-04,Transport_Disruption,157,Yes
PO000125,7,1001,2,Mainline,SHO,Alpha Apparel Ltd,MAT00058,2025-05-16,2025-08-25,2025-07-06,2025-07-10,Sea,50,2025-08-29,Transport_Disruption,923,Yes
PO000126,2,1003,1,Outlet,ACC,Crimson Stitch Co,MAT00027,2025-05-02,2025-07-11,2025-05-30,2025-06-07,Sea,44,2025-07-21,Transport_Disruption,363,Yes
PO000127,6,2001,2,Mainline,SHO,Delta Footwear,MAT00053,2025-05-20,2025-09-01,2025-07-15,2025-07-19,Sea,49,2025-09-06,Internal_Delay,1454,Yes
PO000128,4,2001,2,Mainline,SHO,Delta Footwear,MAT00037,2025-05-21,2025-08-12,2025-06-30,2025-06-30,Sea,48,2025-08-17,Factory_Delay,237,Yes
PO000129,1,2002,1,Mainline,APP,EverGreen Fabrics,MAT00093,2025-05-14,2025-06-15,2025-05-03,2025-05-14,Sea,42,2025-06-25,Factory_Delay,211,Yes
PO000130,6,1002,1,Mainline,ACC,BlueOcean Textiles,MAT00049,2025-05-19,2025-07-09,2025-05-27,2025-05-31,Truck,12,2025-06-12,Material_Delay,1190,No
PO000131,7,2001,1,Mainline,APP,Delta Footwear,MAT00094,2025-06-02,2025-07-19,2025-06-02,2025-06-13,Truck,12,2025-06-25,Factory_Delay,210,No
PO000132,1,3001,1,Outlet,ACC,Falcon Garments,MAT00015,2025-05-06,2025-07-21,2025-06-11,2025-06-19,Air,8,2025-06-27,Transport_Disruption,549,No
PO000133,5,1002,1,Mainline,HBG,BlueOcean Textiles,MAT00094,2025-05-06,2025-08-24,2025-07-15,2025-07-28,Truck,11,2025-08-08,Factory_Delay,98,No
PO000134,5,1002,2,Outlet,SHO,BlueOcean Textiles,MAT00004,2025-05-01,2025-06-23,2025-05-12,2025-05-19,Sea,48,2025-07-06,Factory_Delay,1437,Yes
PO000135,4,1001,2,Mainline,APP,Alpha Apparel Ltd,MAT00085,2025-05-30,2025-07-22,2025-06-11,2025-06-14,Air,5,2025-06-19,Factory_Delay,1473,No
PO000136,6,1002,2,Mainline,HBG,BlueOcean Textiles,MAT00045,2025-05-20,2025-09-08,2025-07-29,2025-07-31,Sea,36,2025-09-05,Transport_Disruption,1143,No
PO000137,7,1002,2,Mainline,RTW,BlueOcean Textiles,MAT00042,2025-05-26,2025-07-08,2025-05-27,2025-05-31,Sea,37,2025-07-07,Material_Delay,902,No
PO000138,4,1001,1,Mainline,RTW,Alpha Apparel Ltd,MAT00068,2025-05-07,2025-08-30,2025-07-17,2025-07-30,Air,8,2025-08-07,Material_Delay,1427,No
PO000139,4,1002,1,Outlet,HBG,BlueOcean Textiles,MAT00017,2025-06-03,2025-09-10,2025-07-27,2025-07-27,Sea,43,2025-09-08,Internal_Delay,1139,No
PO000140,2,1002,2,Mainline,APP,BlueOcean Textiles,MAT00088,2025-05-10,2025-08-11,2025-06-24,2025-06-27,Sea,41,2025-08-07,Internal_Delay,326,No
PO000141,4,1002,1,Outlet,RTW,BlueOcean Textiles,MAT00079,2025-05-22,2025-07-04,2025-05-25,2025-06-21,Sea,36,2025-07-27,Uncontrollable,1327,Yes
PO000142,3,2001,1,Mainline,APP,Delta Footwear,MAT00023,2025-05-25,2025-08-12,2025-07-03,2025-07-08,Air,7,2025-07-15,Internal_Delay,57,No
PO000143,4,2001,2,Mainline,HBG,Delta Footwear,MAT00047,2025-05-15,2025-07-31,2025-06-18,2025-07-10,Sea,50,2025-08-29,Material_Delay,436,Yes
PO000144,5,1003,2,Mainline,HBG,Crimson Stitch Co,MAT00092,2025-05-01,2025-06-07,2025-04-22,2025-04-22,Truck,11,2025-05-03,Transport_Disruption,309,No
PO000145,6,3001,2,Outlet,HBG,Falcon Garments,MAT00012,2025-05-11,2025-07-25,2025-06-11,2025-06-25,Sea,47,2025-08-11,Uncontrollable,1235,Yes
PO000146,4,2001,2,Mainline,ACC,Delta Footwear,MAT00069,2025-05-25,2025-06-26,2025-05-07,2025-05-14,Truck,11,2025-05-25,Factory_Delay,276,No
PO000147,5,2001,2,Outlet,SHO,Delta Footwear,MAT00006,2025-05-19,2025-08-16,2025-07-05,2025-07-14,Sea,36,2025-08-19,Material_Delay,1031,Yes
PO000148,3,2001,1,Mainline,RTW,Delta Footwear,MAT00028,2025-05-26,2025-08-25,2025-07-06,2025-07-20,Sea,43,2025-09-01,Factory_Delay,356,Yes
PO000149,7,1002,2,Mainline,HBG,BlueOcean Textiles,MAT00069,2025-05-11,2025-06-24,2025-05-15,2025-05-22,Sea,42,2025-07-03,Transport_Disruption,297,Yes
PO000150,4,3001,2,Mainline,ACC,Falcon Garments,MAT00004,2025-05-25,2025-08-09,2025-06-25,2025-06-30,Sea,43,2025-08-12,Material_Delay,998,Yes
PO000151,6,2001,2,Outlet,HBG,Delta Footwear,MAT00099,2025-05-13,2025-08-29,2025-07-11,2025-07-15,Sea,48,2025-09-01,Transport_Disruption,661,Yes
PO000152,5,3001,1,Outlet,ACC,Falcon Garments,MAT00084,2025-05-25,2025-08-02,2025-06-20,2025-06-22,Air,4,2025-06-26,Factory_Delay,132,No
PO000153,6,1003,2,Mainline,APP,Crimson Stitch Co,MAT00084,2025-05-07,2025-08-22,2025-07-11,2025-07-17,Truck,14,2025-07-31,Material_Delay,983,No
PO000154,5,2002,1,Mainline,HBG,EverGreen Fabrics,MAT00064,2025-06-02,2025-08-22,2025-07-11,2025-07-17,Sea,43,2025-08-29,Internal_Delay,383,Yes
PO000155,6,1001,1,Outlet,SHO,Alpha Apparel Ltd,MAT00105,2025-05-22,2025-07-31,2025-06-18,2025-06-25,Truck,9,2025-07-04,Factory_Delay,828,No
PO000156,6,1002,1,Mainline,APP,BlueOcean Textiles,MAT00101,2025-05-03,2025-07-15,2025-05-26,2025-05-31,Sea,43,2025-07-13,Transport_Disruption,1397,No
PO000157,3,1001,1,Outlet,RTW,Alpha Apparel Ltd,MAT00087,2025-05-12,2025-08-03,2025-06-22,2025-06-29,Air,7,2025-07-06,Material_Delay,554,No
PO000158,5,1003,1,Mainline,APP,Crimson Stitch Co,MAT00004,2025-05-22,2025-09-04,2025-07-18,2025-07-22,Air,5,2025-07-27,Transport_Disruption,396,No
PO000159,7,1001,1,Mainline,HBG,Alpha Apparel Ltd,MAT00082,2025-05-17,2025-08-15,2025-07-01,2025-07-06,Air,8,2025-07-14,Factory_Delay,802,No
PO000160,3,3001,1,Mainline,HBG,Falcon Garments,MAT00013,2025-05-08,2025-07-19,2025-06-02,2025-06-06,Sea,39,2025-07-15,Factory_Delay,753,No
PO000161,6,1002,1,Outlet,HBG,BlueOcean Textiles,MAT00088,2025-05-17,2025-09-11,2025-07-27,2025-08-12,Sea,45,2025-09-26,Material_Delay,956,Yes
PO000162,5,3001,1,Mainline,ACC,Falcon Garments,MAT00076,2025-05-08,2025-08-17,2025-07-02,2025-07-10,Sea,35,2025-08-14,Factory_Delay,1374,No
PO000163,2,2001,2,Mainline,ACC,Delta Footwear,MAT00046,2025-05-23,2025-07-21,2025-06-07,2025-06-13,Sea,35,2025-07-18,Factory_Delay,688,No
PO000164,4,1002,1,Mainline,APP,BlueOcean Textiles,MAT00097,2025-05-12,2025-06-25,2025-05-14,2025-05-31,Sea,43,2025-07-13,Uncontrollable,251,Yes
PO000165,2,1003,1,Mainline,SHO,Crimson Stitch Co,MAT00051,2025-05-09,2025-07-16,2025-05-29,2025-06-04,Sea,35,2025-07-09,Transport_Disruption,317,No
PO000166,3,1003,1,Mainline,SHO,Crimson Stitch Co,MAT00101,2025-05-21,2025-08-20,2025-07-01,2025-07-05,Sea,42,2025-08-16,Factory_Delay,1367,No
PO000167,4,2002,1,Mainline,ACC,EverGreen Fabrics,MAT00045,2025-05-09,2025-07-30,2025-06-15,2025-06-23,Truck,15,2025-07-08,Internal_Delay,1136,No
PO000168,7,1003,1,Mainline,HBG,Crimson Stitch Co,MAT00100,2025-06-02,2025-07-25,2025-06-11,2025-06-19,Sea,41,2025-07-30,Material_Delay,1269,Yes
PO000169,5,1001,1,Mainline,RTW,Alpha Apparel Ltd,MAT00074,2025-05-18,2025-07-21,2025-06-11,2025-06-23,Sea,50,2025-08-12,Material_Delay,374,Yes
PO000170,2,2001,1,Mainline,APP,Delta Footwear,MAT00109,2025-05-05,2025-07-03,2025-05-21,2025-06-15,Sea,47,2025-08-01,Uncontrollable,1228,Yes
PO000171,6,3001,2,Mainline,ACC,Falcon Garments,MAT00050,2025-05-06,2025-08-02,2025-06-17,2025-06-24,Truck,10,2025-07-04,Factory_Delay,835,No
PO000172,4,1001,2,Mainline,APP,Alpha Apparel Ltd,MAT00017,2025-06-01,2025-07-22,2025-06-05,2025-06-19,Sea,47,2025-08-05,Uncontrollable,723,Yes
PO000173,5,3001,1,Outlet,ACC,Falcon Garments,MAT00042,2025-06-03,2025-08-03,2025-06-16,2025-07-04,Sea,45,2025-08-18,Factory_Delay,408,Yes
PO000174,4,1003,1,Mainline,RTW,Crimson Stitch Co,MAT00099,2025-05-13,2025-06-22,2025-05-06,2025-05-16,Air,7,2025-05-23,Material_Delay,153,No
PO000175,6,1001,2,Mainline,RTW,Alpha Apparel Ltd,MAT00008,2025-05-28,2025-07-01,2025-05-12,2025-05-24,Sea,49,2025-07-12,Transport_Disruption,1213,Yes
PO000176,6,2002,2,Mainline,RTW,EverGreen Fabrics,MAT00081,2025-05-20,2025-07-29,2025-06-18,2025-07-15,Sea,37,2025-08-21,Uncontrollable,715,Yes
PO000177,4,2001,2,Mainline,SHO,Delta Footwear,MAT00100,2025-05-11,2025-07-12,2025-05-30,2025-06-13,Sea,35,2025-07-18,Material_Delay,1023,Yes
PO000178,3,1002,1,Mainline,APP,BlueOcean Textiles,MAT00007,2025-05-09,2025-08-18,2025-07-02,2025-07-10,Sea,35,2025-08-14,Factory_Delay,889,No
PO000179,3,3001,1,Mainline,RTW,Falcon Garments,MAT00031,2025-05-16,2025-07-06,2025-05-22,2025-05-24,Sea,50,2025-07-13,Transport_Disruption,1277,Yes
PO000180,2,1001,1,Mainline,HBG,Alpha Apparel Ltd,MAT00094,2025-05-19,2025-06-25,2025-05-15,2025-05-20,Sea,41,2025-06-30,Internal_Delay,628,Yes
PO000181,1,2001,2,Outlet,RTW,Delta Footwear,MAT00013,2025-05-08,2025-06-11,2025-04-30,2025-05-05,Sea,43,2025-06-17,Internal_Delay,851,Yes
PO000182,6,3001,1,Mainline,ACC,Falcon Garments,MAT00099,2025-05-08,2025-06-09,2025-04-21,2025-05-04,Sea,40,2025-06-13,Factory_Delay,1139,Yes
PO000183,1,1002,2,Outlet,APP,BlueOcean Textiles,MAT00066,2025-05-02,2025-08-29,2025-07-17,2025-07-21,Truck,14,2025-08-04,Factory_Delay,1100,No
PO000184,6,2002,1,Outlet,HBG,EverGreen Fabrics,MAT00105,2025-05-30,2025-08-20,2025-07-05,2025-07-08,Sea,43,2025-08-20,Factory_Delay,775,No
PO000185,7,1001,2,Outlet,SHO,Alpha Apparel Ltd,MAT00010,2025-05-08,2025-07-30,2025-06-13,2025-06-13,Sea,39,2025-07-22,Transport_Disruption,457,No
PO000186,7,3001,1,Mainline,ACC,Falcon Garments,MAT00087,2025-05-08,2025-08-27,2025-07-14,2025-07-31,Truck,14,2025-08-14,Factory_Delay,403,No
PO000187,7,1003,1,Mainline,HBG,Crimson Stitch Co,MAT00095,2025-05-29,2025-07-23,2025-06-04,2025-06-10,Truck,15,2025-06-25,Factory_Delay,439,No
PO000188,5,2001,2,Mainline,ACC,Delta Footwear,MAT00065,2025-05-19,2025-06-26,2025-05-17,2025-05-21,Sea,36,2025-06-26,Internal_Delay,960,No
PO000189,3,2002,1,Mainline,APP,EverGreen Fabrics,MAT00051,2025-05-17,2025-08-12,2025-06-29,2025-07-18,Truck,13,2025-07-31,Material_Delay,284,No
PO000190,5,2002,2,Outlet,HBG,EverGreen Fabrics,MAT00068,2025-05-25,2025-09-04,2025-07-20,2025-07-22,Sea,39,2025-08-30,Material_Delay,859,No
PO000191,1,2002,1,Mainline,HBG,EverGreen Fabrics,MAT00099,2025-05-18,2025-09-02,2025-07-16,2025-08-02,Truck,15,2025-08-17,Material_Delay,378,No
PO000192,6,1003,2,Mainline,APP,Crimson Stitch Co,MAT00109,2025-05-23,2025-08-05,2025-06-17,2025-06-25,Air,7,2025-07-02,Material_Delay,323,No
PO000193,3,2001,2,Mainline,APP,Delta Footwear,MAT00104,2025-05-01,2025-06-20,2025-05-11,2025-05-11,Truck,11,2025-05-22,Material_Delay,1175,No
PO000194,2,3001,2,Outlet,ACC,Falcon Garments,MAT00025,2025-05-03,2025-06-18,2025-05-04,2025-05-12,Truck,15,2025-05-27,Factory_Delay,789,No
PO000195,2,2001,1,Outlet,APP,Delta Footwear,MAT00016,2025-05-17,2025-08-12,2025-07-03,2025-07-08,Sea,39,2025-08-16,Transport_Disruption,1207,Yes
PO000196,7,2002,1,Outlet,APP,EverGreen Fabrics,MAT00057,2025-05-12,2025-06-26,2025-05-17,2025-05-20,Sea,38,2025-06-27,Transport_Disruption,672,Yes
PO000197,3,1001,1,Outlet,HBG,Alpha Apparel Ltd,MAT00072,2025-05-22,2025-08-18,2025-07-02,2025-07-06,Sea,47,2025-08-22,Internal_Delay,1152,Yes
PO000198,4,2001,1,Outlet,HBG,Delta Footwear,MAT00005,2025-06-01,2025-09-22,2025-08-04,2025-08-10,Sea,40,2025-09-19,Transport_Disruption,282,No
PO000199,1,1003,2,Mainline,HBG,Crimson Stitch Co,MAT00026,2025-05-25,2025-07-03,2025-05-24,2025-05-31,Sea,49,2025-07-19,Transport_Disruption,912,Yes
PO000200,4,1003,1,Mainline,APP,Crimson Stitch Co,MAT00102,2025-05-24,2025-08-15,2025-07-04,2025-07-06,Truck,8,2025-07-14,Internal_Delay,843,No
PO000201,1,1002,1,Mainline,ACC,BlueOcean Textiles,MAT00054,2025-06-02,2025-08-20,2025-07-06,2025-07-16,Sea,39,2025-08-24,Material_Delay,1463,Yes
PO000202,6,3001,2,Mainline,SHO,Falcon Garments,MAT00046,2025-05-13,2025-06-14,2025-04-30,2025-04-30,Sea,45,2025-06-14,Material_Delay,669,No
PO000203,1,1001,2,Outlet,ACC,Alpha Apparel Ltd,MAT00095,2025-05-28,2025-09-04,2025-07-24,2025-07-24,Sea,37,2025-08-30,Factory_Delay,360,No
PO000204,6,3001,1,Mainline,APP,Falcon Garments,MAT00029,2025-06-03,2025-07-19,2025-06-09,2025-06-21,Air,5,2025-06-26,Material_Delay,1320,No
PO000205,5,1002,1,Outlet,HBG,BlueOcean Textiles,MAT00043,2025-05-17,2025-08-13,2025-06-27,2025-07-02,Sea,44,2025-08-15,Transport_Disruption,1229,Yes
PO000206,2,1003,1,Outlet,SHO,Crimson Stitch Co,MAT00055,2025-05-08,2025-07-24,2025-06-14,2025-06-29,Sea,47,2025-08-15,Factory_Delay,1246,Yes
PO000207,2,2001,1,Mainline,ACC,Delta Footwear,MAT00034,2025-05-01,2025-07-01,2025-05-20,2025-05-20,Truck,9,2025-05-29,Internal_Delay,1432,No
PO000208,3,1002,1,Outlet,APP,BlueOcean Textiles,MAT00093,2025-05-20,2025-08-10,2025-07-01,2025-07-01,Truck,7,2025-07-08,Material_Delay,1131,No
PO000209,2,2002,2,Mainline,ACC,EverGreen Fabrics,MAT00075,2025-05-05,2025-08-07,2025-06-18,2025-06-20,Sea,50,2025-08-09,Factory_Delay,700,Yes
PO000210,3,2002,1,Outlet,ACC,EverGreen Fabrics,MAT00109,2025-05-07,2025-07-22,2025-06-08,2025-06-27,Truck,11,2025-07-08,Uncontrollable,511,No
PO000211,4,1002,2,Mainline,RTW,BlueOcean Textiles,MAT00093,2025-05-08,2025-07-17,2025-05-30,2025-06-05,Sea,44,2025-07-19,Transport_Disruption,320,Yes
PO000212,3,2002,1,Mainline,ACC,EverGreen Fabrics,MAT00040,2025-06-03,2025-07-26,2025-06-13,2025-06-17,Sea,43,2025-07-30,Transport_Disruption,482,Yes
PO000213,7,2002,1,Mainline,RTW,EverGreen Fabrics,MAT00095,2025-05-06,2025-07-31,2025-06-20,2025-07-02,Sea,38,2025-08-09,Factory_Delay,893,Yes
PO000214,6,1003,1,Outlet,RTW,Crimson Stitch Co,MAT00013,2025-05-23,2025-08-18,2025-06-30,2025-07-03,Truck,9,2025-07-12,Internal_Delay,255,No
PO000215,1,3001,1,Outlet,APP,Falcon Garments,MAT00039,2025-05-16,2025-07-06,2025-05-21,2025-05-28,Sea,44,2025-07-11,Material_Delay,1275,Yes
PO000216,3,1002,2,Mainline,ACC,BlueOcean Textiles,MAT00096,2025-05-10,2025-09-02,2025-07-22,2025-07-25,Air,4,2025-07-29,Material_Delay,966,No
PO000217,5,3001,2,Outlet,ACC,Falcon Garments,MAT00036,2025-05-17,2025-09-11,2025-07-24,2025-07-28,Air,5,2025-08-02,Transport_Disruption,216,No
PO000218,5,3001,1,Mainline,HBG,Falcon Garments,MAT00093,2025-05-09,2025-06-20,2025-05-06,2025-05-26,Air,6,2025-06-01,Material_Delay,1410,No
PO000219,7,1001,2,Mainline,HBG,Alpha Apparel Ltd,MAT00081,2025-05-03,2025-08-30,2025-07-14,2025-07-15,Sea,38,2025-08-22,Internal_Delay,1492,No
PO000220,6,1002,1,Outlet,APP,BlueOcean Textiles,MAT00088,2025-05-29,2025-09-18,2025-08-04,2025-08-22,Air,6,2025-08-28,Material_Delay,242,No
PO000221,5,1003,1,Mainline,ACC,Crimson Stitch Co,MAT00019,2025-05-12,2025-08-29,2025-07-20,2025-07-25,Sea,36,2025-08-30,Internal_Delay,1449,Yes
PO000222,6,1003,1,Mainline,ACC,Crimson Stitch Co,MAT00016,2025-05-19,2025-08-07,2025-06-19,2025-07-02,Sea,35,2025-08-06,Factory_Delay,162,No
PO000223,4,3001,1,Mainline,APP,Falcon Garments,MAT00017,2025-05-06,2025-06-09,2025-04-28,2025-04-28,Sea,36,2025-06-03,Internal_Delay,68,No
PO000224,6,2002,1,Mainline,APP,EverGreen Fabrics,MAT00033,2025-05-13,2025-09-03,2025-07-20,2025-07-28,Sea,41,2025-09-07,Transport_Disruption,1476,Yes
PO000225,6,2002,1,Mainline,SHO,EverGreen Fabrics,MAT00063,2025-05-10,2025-08-04,2025-06-22,2025-06-23,Air,8,2025-07-01,Factory_Delay,1485,No
PO000226,6,1001,2,Outlet,HBG,Alpha Apparel Ltd,MAT00049,2025-05-27,2025-08-13,2025-06-30,2025-07-08,Sea,43,2025-08-20,Factory_Delay,257,Yes
PO000227,2,2001,1,Mainline,SHO,Delta Footwear,MAT00043,2025-05-27,2025-07-24,2025-06-09,2025-06-25,Sea,37,2025-08-01,Factory_Delay,416,Yes
PO000228,2,3001,1,Outlet,ACC,Falcon Garments,MAT00010,2025-05-09,2025-07-25,2025-06-10,2025-06-16,Sea,46,2025-08-01,Material_Delay,307,Yes
PO000229,5,2001,2,Mainline,SHO,Delta Footwear,MAT00053,2025-05-15,2025-08-11,2025-06-27,2025-06-27,Sea,35,2025-08-01,Uncontrollable,930,No
PO000230,5,2001,2,Mainline,ACC,Delta Footwear,MAT00001,2025-05-10,2025-07-14,2025-06-02,2025-06-10,Sea,50,2025-07-30,Internal_Delay,311,Yes
PO000231,6,1001,1,Outlet,SHO,Alpha Apparel Ltd,MAT00035,2025-05-21,2025-07-14,2025-05-28,2025-06-17,Sea,44,2025-07-31,Material_Delay,261,Yes
PO000232,5,1001,2,Mainline,APP,Alpha Apparel Ltd,MAT00047,2025-06-02,2025-09-08,2025-07-30,2025-08-13,Sea,47,2025-09-29,Factory_Delay,995,Yes
PO000233,3,3001,1,Mainline,SHO,Falcon Garments,MAT00094,2025-05-10,2025-08-29,2025-07-15,2025-07-15,Truck,9,2025-07-24,Material_Delay,919,No
PO000234,1,1003,1,Mainline,SHO,Crimson Stitch Co,MAT00081,2025-05-09,2025-06-13,2025-05-04,2025-05-13,Sea,46,2025-06-28,Material_Delay,914,Yes
PO000235,6,2002,1,Outlet,RTW,EverGreen Fabrics,MAT00002,2025-05-15,2025-07-01,2025-05-13,2025-05-25,Sea,40,2025-07-04,Material_Delay,305,Yes
PO000236,7,2002,1,Mainline,APP,EverGreen Fabrics,MAT00079,2025-05-01,2025-07-24,2025-06-06,2025-06-24,Sea,35,2025-07-29,Material_Delay,1111,Yes
PO000237,5,2002,1,Mainline,RTW,EverGreen Fabrics,MAT00071,2025-05-03,2025-07-18,2025-06-01,2025-06-10,Sea,43,2025-07-23,Material_Delay,326,Yes
PO000238,5,1002,2,Outlet,RTW,BlueOcean Textiles,MAT00036,2025-05-16,2025-09-07,2025-07-27,2025-08-07,Truck,13,2025-08-20,Factory_Delay,711,No
PO000239,1,3001,2,Outlet,APP,Falcon Garments,MAT00087,2025-05-16,2025-08-20,2025-07-09,2025-07-15,Sea,50,2025-09-03,Factory_Delay,1445,Yes
PO000240,7,2002,1,Mainline,SHO,EverGreen Fabrics,MAT00101,2025-05-06,2025-06-22,2025-05-08,2025-05-08,Sea,48,2025-06-25,Material_Delay,284,Yes
PO000241,2,1003,1,Mainline,APP,Crimson Stitch Co,MAT00036,2025-06-03,2025-09-13,2025-08-03,2025-08-03,Sea,46,2025-09-18,Transport_Disruption,412,Yes
PO000242,5,1001,1,Mainline,ACC,Alpha Apparel Ltd,MAT00067,2025-05-10,2025-07-18,2025-06-07,2025-06-12,Sea,37,2025-07-19,Factory_Delay,190,Yes
PO000243,6,1001,1,Mainline,RTW,Alpha Apparel Ltd,MAT00048,2025-05-29,2025-08-05,2025-06-23,2025-06-27,Truck,13,2025-07-10,Transport_Disruption,1387,No
PO000244,1,2002,2,Mainline,ACC,EverGreen Fabrics,MAT00025,2025-05-03,2025-08-19,2025-07-04,2025-07-05,Truck,15,2025-07-20,Factory_Delay,717,No
PO000245,1,1001,1,Outlet,HBG,Alpha Apparel Ltd,MAT00108,2025-05-07,2025-08-22,2025-07-05,2025-07-07,Sea,48,2025-08-24,Internal_Delay,591,Yes
PO000246,1,1002,2,Mainline,APP,BlueOcean Textiles,MAT00057,2025-05-15,2025-08-09,2025-06-20,2025-06-20,Sea,47,2025-08-06,Factory_Delay,384,No
PO000247,4,2002,1,Mainline,ACC,EverGreen Fabrics,MAT00003,2025-05-14,2025-08-15,2025-07-03,2025-07-07,Truck,8,2025-07-15,Factory_Delay,1135,No
PO000248,1,1001,1,Outlet,RTW,Alpha Apparel Ltd,MAT00079,2025-05-25,2025-07-29,2025-06-16,2025-06-16,Sea,50,2025-08-05,Material_Delay,856,Yes
PO000249,2,2001,1,Mainline,APP,Delta Footwear,MAT00029,2025-05-07,2025-06-14,2025-04-30,2025-05-06,Sea,50,2025-06-25,Transport_Disruption,907,Yes
PO000250,4,1002,1,Mainline,SHO,BlueOcean Textiles,MAT00076,2025-05-13,2025-06-22,2025-05-08,2025-05-19,Sea,43,2025-07-01,Material_Delay,1113,Yes
PO000251,5,1003,2,Outlet,SHO,Crimson Stitch Co,MAT00044,2025-05-11,2025-08-27,2025-07-08,2025-07-13,Sea,48,2025-08-30,Transport_Disruption,785,Yes
PO000252,1,3001,1,Mainline,ACC,Falcon Garments,MAT00094,2025-05-01,2025-07-14,2025-05-29,2025-05-30,Sea,38,2025-07-07,Transport_Disruption,952,No
PO000253,6,1002,1,Outlet,APP,BlueOcean Textiles,MAT00096,2025-05-23,2025-08-30,2025-07-18,2025-07-21,Sea,35,2025-08-25,Factory_Delay,624,No
PO000254,6,3001,1,Outlet,RTW,Falcon Garments,MAT00060,2025-05-06,2025-09-01,2025-07-20,2025-08-04,Sea,49,2025-09-22,Factory_Delay,504,Yes
PO000255,5,3001,1,Outlet,HBG,Falcon Garments,MAT00054,2025-05-27,2025-07-15,2025-06-05,2025-06-23,Sea,45,2025-08-07,Uncontrollable,400,Yes
PO000256,7,2002,1,Outlet,ACC,EverGreen Fabrics,MAT00059,2025-05-21,2025-08-12,2025-07-03,2025-07-16,Sea,39,2025-08-24,Factory_Delay,852,Yes
PO000257,6,3001,1,Outlet,HBG,Falcon Garments,MAT00096,2025-06-01,2025-08-24,2025-07-15,2025-07-22,Sea,37,2025-08-28,Factory_Delay,586,Yes
PO000258,4,2002,1,Outlet,SHO,EverGreen Fabrics,MAT00074,2025-05-25,2025-07-13,2025-05-26,2025-05-31,Sea,36,2025-07-06,Internal_Delay,744,No
PO000259,4,2002,1,Mainline,RTW,EverGreen Fabrics,MAT00012,2025-05-04,2025-07-14,2025-05-28,2025-06-15,Truck,13,2025-06-28,Uncontrollable,743,No
PO000260,2,1003,1,Mainline,HBG,Crimson Stitch Co,MAT00059,2025-05-25,2025-08-16,2025-07-06,2025-07-12,Truck,13,2025-07-25,Transport_Disruption,1333,No
PO000261,1,2001,1,Mainline,HBG,Delta Footwear,MAT00093,2025-05-14,2025-08-01,2025-06-15,2025-06-15,Sea,40,2025-07-25,Transport_Disruption,692,No
PO000262,4,1002,1,Mainline,RTW,BlueOcean Textiles,MAT00049,2025-05-02,2025-07-06,2025-05-22,2025-05-22,Sea,42,2025-07-03,Transport_Disruption,1223,No
PO000263,4,2002,1,Mainline,APP,EverGreen Fabrics,MAT00055,2025-05-16,2025-07-30,2025-06-20,2025-07-01,Sea,49,2025-08-19,Factory_Delay,1146,Yes
PO000264,3,1003,1,Outlet,HBG,Crimson Stitch Co,MAT00008,2025-05-15,2025-07-03,2025-05-20,2025-05-25,Sea,35,2025-06-29,Material_Delay,1137,No
PO000265,2,3001,1,Mainline,SHO,Falcon Garments,MAT00050,2025-05-07,2025-08-02,2025-06-14,2025-06-23,Sea,39,2025-08-01,Material_Delay,633,No
PO000266,4,1003,1,Mainline,APP,Crimson Stitch Co,MAT00010,2025-05-28,2025-08-14,2025-06-28,2025-06-30,Sea,39,2025-08-08,Transport_Disruption,1159,No
PO000267,4,1002,1,Outlet,SHO,BlueOcean Textiles,MAT00031,2025-05-11,2025-07-25,2025-06-09,2025-06-14,Sea,46,2025-07-30,Material_Delay,1185,Yes
PO000268,4,3001,2,Mainline,SHO,Falcon Garments,MAT00057,2025-06-03,2025-07-11,2025-05-27,2025-06-06,Sea,37,2025-07-13,Transport_Disruption,1021,Yes
PO000269,1,1002,1,Mainline,RTW,BlueOcean Textiles,MAT00081,2025-06-01,2025-07-09,2025-05-27,2025-06-05,Truck,12,2025-06-17,Material_Delay,1284,No
PO000270,4,1001,2,Mainline,APP,Alpha Apparel Ltd,MAT00059,2025-05-25,2025-08-24,2025-07-12,2025-07-12,Air,8,2025-07-20,Factory_Delay,1463,No
PO000271,3,2002,1,Mainline,APP,EverGreen Fabrics,MAT00039,2025-05-08,2025-07-01,2025-05-22,2025-05-23,Sea,46,2025-07-08,Factory_Delay,1310,Yes
PO000272,6,1002,2,Mainline,HBG,BlueOcean Textiles,MAT00006,2025-05-14,2025-07-14,2025-05-27,2025-06-10,Truck,7,2025-06-17,Uncontrollable,876,No
PO000273,7,2002,2,Mainline,HBG,EverGreen Fabrics,MAT00041,2025-05-31,2025-09-22,2025-08-12,2025-08-30,Sea,44,2025-10-13,Material_Delay,325,Yes
PO000274,4,2002,1,Mainline,HBG,EverGreen Fabrics,MAT00015,2025-05-13,2025-06-28,2025-05-16,2025-05-29,Air,8,2025-06-06,Material_Delay,1352,No
PO000275,6,1003,1,Outlet,RTW,Crimson Stitch Co,MAT00028,2025-05-25,2025-08-23,2025-07-10,2025-07-31,Air,5,2025-08-05,Material_Delay,287,No
PO000276,6,1002,1,Mainline,RTW,BlueOcean Textiles,MAT00055,2025-05-17,2025-07-25,2025-06-07,2025-06-07,Air,5,2025-06-12,Transport_Disruption,1437,No
PO000277,7,2002,1,Mainline,HBG,EverGreen Fabrics,MAT00057,2025-05-09,2025-07-31,2025-06-11,2025-06-12,Sea,46,2025-07-28,Internal_Delay,1310,No
PO000278,6,1001,1,Mainline,APP,Alpha Apparel Ltd,MAT00065,2025-05-11,2025-07-22,2025-06-02,2025-06-13,Sea,39,2025-07-22,Factory_Delay,473,No
PO000279,7,3001,1,Mainline,RTW,Falcon Garments,MAT00064,2025-05-08,2025-07-25,2025-06-07,2025-06-11,Sea,42,2025-07-23,Material_Delay,920,No
PO000280,4,1003,1,Mainline,APP,Crimson Stitch Co,MAT00066,2025-05-04,2025-08-27,2025-07-17,2025-07-17,Sea,47,2025-09-02,Uncontrollable,357,Yes
PO000281,2,1001,2,Mainline,ACC,Alpha Apparel Ltd,MAT00058,2025-05-28,2025-06-27,2025-05-17,2025-05-24,Air,7,2025-05-31,Material_Delay,972,No
PO000282,1,2001,1,Mainline,RTW,Delta Footwear,MAT00025,2025-06-03,2025-09-07,2025-07-28,2025-07-30,Sea,43,2025-09-11,Factory_Delay,1355,Yes
PO000283,4,1002,1,Mainline,ACC,BlueOcean Textiles,MAT00058,2025-05-27,2025-09-13,2025-07-25,2025-08-05,Sea,36,2025-09-10,Factory_Delay,400,No
PO000284,2,2001,2,Mainline,HBG,Delta Footwear,MAT00089,2025-05-02,2025-06-30,2025-05-13,2025-05-16,Sea,35,2025-06-20,Material_Delay,677,No
PO000285,6,2002,2,Mainline,RTW,EverGreen Fabrics,MAT00015,2025-05-15,2025-07-29,2025-06-17,2025-06-25,Air,7,2025-07-02,Factory_Delay,1376,No
PO000286,7,2001,1,Mainline,ACC,Delta Footwear,MAT00086,2025-05-23,2025-08-24,2025-07-07,2025-07-10,Sea,38,2025-08-17,Material_Delay,1058,No
PO000287,7,1003,2,Mainline,RTW,Crimson Stitch Co,MAT00053,2025-05-29,2025-09-04,2025-07-24,2025-07-30,Sea,45,2025-09-13,Internal_Delay,157,Yes
PO000288,4,1002,2,Outlet,RTW,BlueOcean Textiles,MAT00054,2025-05-28,2025-09-07,2025-07-25,2025-08-15,Sea,49,2025-10-03,Uncontrollable,723,Yes
PO000289,7,2001,1,Mainline,RTW,Delta Footwear,MAT00001,2025-05-01,2025-08-01,2025-06-21,2025-07-03,Sea,47,2025-08-19,Material_Delay,1281,Yes
PO000290,6,1001,1,Mainline,HBG,Alpha Apparel Ltd,MAT00038,2025-05-17,2025-09-01,2025-07-18,2025-07-25,Sea,42,2025-09-05,Transport_Disruption,704,Yes
PO000291,6,2002,1,Mainline,RTW,EverGreen Fabrics,MAT00035,2025-05-06,2025-08-12,2025-06-28,2025-07-15,Air,5,2025-07-20,Factory_Delay,439,No
PO000292,6,1003,1,Outlet,HBG,Crimson Stitch Co,MAT00014,2025-05-14,2025-06-25,2025-05-12,2025-05-13,Sea,37,2025-06-19,Material_Delay,624,No
PO000293,3,2001,1,Mainline,APP,Delta Footwear,MAT00100,2025-06-01,2025-08-17,2025-07-05,2025-07-20,Air,6,2025-07-26,Material_Delay,849,No
PO000294,4,2002,1,Mainline,RTW,EverGreen Fabrics,MAT00079,2025-05-04,2025-07-12,2025-06-02,2025-06-09,Air,7,2025-06-16,Factory_Delay,478,No
PO000295,2,2001,1,Outlet,ACC,Delta Footwear,MAT00008,2025-05-24,2025-07-07,2025-05-28,2025-06-09,Sea,46,2025-07-25,Factory_Delay,420,Yes
PO000296,7,1002,1,Mainline,SHO,BlueOcean Textiles,MAT00102,2025-05-18,2025-08-24,2025-07-09,2025-07-16,Truck,13,2025-07-29,Material_Delay,502,No
PO000297,6,3001,2,Mainline,APP,Falcon Garments,MAT00004,2025-05-29,2025-07-20,2025-06-05,2025-06-12,Sea,39,2025-07-21,Factory_Delay,1275,Yes
PO000298,4,3001,1,Mainline,ACC,Falcon Garments,MAT00106,2025-05-11,2025-07-22,2025-06-02,2025-06-12,Sea,35,2025-07-17,Transport_Disruption,858,No
PO000299,3,2002,2,Outlet,ACC,EverGreen Fabrics,MAT00022,2025-05-01,2025-08-22,2025-07-08,2025-07-12,Sea,35,2025-08-16,Internal_Delay,162,No
PO000300,3,1001,1,Mainline,RTW,Alpha Apparel Ltd,MAT00047,2025-05-05,2025-07-20,2025-06-03,2025-06-10,Sea,46,2025-07-26,Material_Delay,1310,Yes
PO000301,7,1001,2,Outlet,SHO,Alpha Apparel Ltd,MAT00094,2025-05-25,2025-09-09,2025-07-23,2025-07-27,Sea,39,2025-09-04,Transport_Disruption,1287,No
PO000302,5,1001,1,Outlet,APP,Alpha Apparel Ltd,MAT00042,2025-05-18,2025-08-09,2025-06-30,2025-07-04,Sea,36,2025-08-09,Factory_Delay,532,No
PO000303,5,1003,1,Mainline,APP,Crimson Stitch Co,MAT00107,2025-05-12,2025-08-09,2025-06-23,2025-06-23,Truck,14,2025-07-07,Uncontrollable,1336,No
PO000304,7,3001,1,Mainline,RTW,Falcon Garments,MAT00043,2025-05-17,2025-08-17,2025-06-28,2025-07-07,Truck,11,2025-07-18,Factory_Delay,139,No
PO000305,4,2001,1,Mainline,RTW,Delta Footwear,MAT00030,2025-05-23,2025-07-07,2025-05-27,2025-06-03,Truck,10,2025-06-13,Transport_Disruption,510,No
PO000306,2,2002,2,Outlet,APP,EverGreen Fabrics,MAT00029,2025-05-20,2025-07-13,2025-05-29,2025-06-11,Sea,50,2025-07-31,Material_Delay,833,Yes
PO000307,2,2002,2,Mainline,ACC,EverGreen Fabrics,MAT00087,2025-06-03,2025-07-15,2025-06-05,2025-06-13,Truck,10,2025-06-23,Transport_Disruption,890,No
PO000308,7,1003,1,Mainline,HBG,Crimson Stitch Co,MAT00020,2025-05-09,2025-07-09,2025-05-23,2025-05-29,Sea,41,2025-07-09,Factory_Delay,687,No
PO000309,3,2002,1,Mainline,APP,EverGreen Fabrics,MAT00034,2025-05-13,2025-07-23,2025-06-11,2025-06-22,Sea,47,2025-08-08,Factory_Delay,464,Yes
PO000310,3,2002,2,Mainline,SHO,EverGreen Fabrics,MAT00002,2025-05-02,2025-07-30,2025-06-17,2025-06-27,Truck,13,2025-07-10,Transport_Disruption,294,No
PO000311,7,1003,1,Mainline,RTW,Crimson Stitch Co,MAT00004,2025-05-07,2025-07-01,2025-05-13,2025-05-16,Sea,49,2025-07-04,Factory_Delay,1254,Yes
PO000312,2,1002,1,Mainline,ACC,BlueOcean Textiles,MAT00026,2025-05-11,2025-07-19,2025-05-31,2025-05-31,Truck,9,2025-06-09,Transport_Disruption,539,No
PO000313,3,1001,2,Outlet,SHO,Alpha Apparel Ltd,MAT00060,2025-05-30,2025-09-20,2025-08-06,2025-08-13,Air,4,2025-08-17,Factory_Delay,894,No
PO000314,1,3001,1,Mainline,RTW,Falcon Garments,MAT00022,2025-05-20,2025-07-15,2025-06-03,2025-06-11,Sea,43,2025-07-24,Uncontrollable,1395,Yes
PO000315,4,1001,1,Mainline,HBG,Alpha Apparel Ltd,MAT00098,2025-05-20,2025-07-27,2025-06-08,2025-06-10,Sea,49,2025-07-29,Material_Delay,618,Yes
PO000316,6,1002,1,Outlet,APP,BlueOcean Textiles,MAT00084,2025-05-24,2025-07-13,2025-06-02,2025-06-13,Truck,14,2025-06-27,Material_Delay,723,No
PO000317,2,2001,1,Outlet,RTW,Delta Footwear,MAT00036,2025-05-22,2025-09-06,2025-07-21,2025-07-30,Sea,40,2025-09-08,Transport_Disruption,244,Yes
PO000318,7,2002,1,Mainline,APP,EverGreen Fabrics,MAT00021,2025-05-14,2025-08-29,2025-07-15,2025-07-19,Air,8,2025-07-27,Transport_Disruption,1474,No
PO000319,1,3001,2,Mainline,RTW,Falcon Garments,MAT00027,2025-05-23,2025-09-07,2025-07-29,2025-08-01,Sea,40,2025-09-10,Factory_Delay,239,Yes
PO000320,7,2002,2,Mainline,HBG,EverGreen Fabrics,MAT00029,2025-05-06,2025-06-29,2025-05-15,2025-05-26,Air,6,2025-06-01,Transport_Disruption,121,No
PO000321,7,1001,1,Mainline,ACC,Alpha Apparel Ltd,MAT00039,2025-05-24,2025-09-05,2025-07-22,2025-07-24,Sea,35,2025-08-28,Internal_Delay,755,No
PO000322,5,2001,1,Mainline,ACC,Delta Footwear,MAT00033,2025-05-03,2025-07-31,2025-06-13,2025-06-23,Sea,38,2025-07-31,Transport_Disruption,325,No
PO000323,1,2001,1,Outlet,ACC,Delta Footwear,MAT00045,2025-05-13,2025-06-24,2025-05-13,2025-05-31,Truck,9,2025-06-09,Factory_Delay,1273,No
PO000324,2,1002,1,Mainline,ACC,BlueOcean Textiles,MAT00077,2025-05-28,2025-07-05,2025-05-19,2025-05-20,Truck,9,2025-05-29,Transport_Disruption,829,No
PO000325,7,3001,1,Mainline,ACC,Falcon Garments,MAT00038,2025-06-03,2025-08-14,2025-06-27,2025-06-29,Sea,35,2025-08-03,Transport_Disruption,1305,No
PO000326,3,2001,2,Mainline,ACC,Delta Footwear,MAT00103,2025-05-04,2025-06-27,2025-05-17,2025-05-17,Sea,37,2025-06-23,Internal_Delay,1494,No
PO000327,6,2002,1,Mainline,HBG,EverGreen Fabrics,MAT00054,2025-05-04,2025-08-16,2025-06-27,2025-06-29,Sea,47,2025-08-15,Transport_Disruption,840,No
PO000328,2,2001,1,Mainline,HBG,Delta Footwear,MAT00054,2025-05-29,2025-09-18,2025-07-30,2025-07-31,Sea,48,2025-09-17,Material_Delay,397,No
PO000329,1,1003,1,Mainline,RTW,Crimson Stitch Co,MAT00045,2025-05-15,2025-09-10,2025-07-24,2025-08-08,Sea,44,2025-09-21,Factory_Delay,471,Yes
PO000330,7,1001,2,Mainline,SHO,Alpha Apparel Ltd,MAT00041,2025-05-10,2025-06-18,2025-05-07,2025-05-18,Sea,40,2025-06-27,Transport_Disruption,869,Yes
PO000331,1,1001,1,Mainline,APP,Alpha Apparel Ltd,MAT00017,2025-05-04,2025-07-15,2025-05-31,2025-06-18,Truck,9,2025-06-27,Factory_Delay,969,No
PO000332,3,2001,1,Mainline,ACC,Delta Footwear,MAT00032,2025-05-14,2025-06-30,2025-05-13,2025-05-26,Sea,38,2025-07-03,Factory_Delay,470,Yes
PO000333,1,3001,2,Mainline,APP,Falcon Garments,MAT00030,2025-05-30,2025-07-20,2025-06-10,2025-06-13,Sea,49,2025-08-01,Internal_Delay,302,Yes
PO000334,1,1002,2,Mainline,APP,BlueOcean Textiles,MAT00072,2025-05-24,2025-09-16,2025-07-30,2025-08-13,Sea,39,2025-09-21,Material_Delay,82,Yes
PO000335,2,2002,2,Mainline,HBG,EverGreen Fabrics,MAT00021,2025-05-12,2025-07-09,2025-05-20,2025-05-30,Sea,46,2025-07-15,Transport_Disruption,323,Yes
PO000336,3,1003,1,Outlet,SHO,Crimson Stitch Co,MAT00033,2025-05-31,2025-07-10,2025-05-24,2025-05-24,Sea,36,2025-06-29,Factory_Delay,654,No
PO000337,6,1002,2,Mainline,HBG,BlueOcean Textiles,MAT00057,2025-05-21,2025-08-13,2025-07-04,2025-08-07,Sea,41,2025-09-17,Uncontrollable,482,Yes
PO000338,1,1002,1,Mainline,RTW,BlueOcean Textiles,MAT00042,2025-06-01,2025-08-28,2025-07-18,2025-08-02,Sea,41,2025-09-12,Material_Delay,974,Yes
PO000339,3,1003,1,Mainline,ACC,Crimson Stitch Co,MAT00006,2025-05-12,2025-07-18,2025-05-31,2025-06-01,Sea,37,2025-07-08,Internal_Delay,646,No
PO000340,3,2002,1,Mainline,ACC,EverGreen Fabrics,MAT00009,2025-05-14,2025-08-28,2025-07-13,2025-07-17,Sea,40,2025-08-26,Factory_Delay,275,No
PO000341,1,3001,1,Mainline,HBG,Falcon Garments,MAT00010,2025-05-16,2025-08-25,2025-07-13,2025-07-26,Sea,38,2025-09-02,Material_Delay,938,Yes
PO000342,7,1003,1,Outlet,HBG,Crimson Stitch Co,MAT00018,2025-05-13,2025-07-24,2025-06-05,2025-06-13,Sea,46,2025-07-29,Transport_Disruption,228,Yes
PO000343,3,1001,1,Mainline,HBG,Alpha Apparel Ltd,MAT00068,2025-06-03,2025-09-07,2025-07-28,2025-07-30,Sea,47,2025-09-15,Transport_Disruption,197,Yes
PO000344,6,1002,2,Mainline,RTW,BlueOcean Textiles,MAT00047,2025-05-12,2025-08-26,2025-07-08,2025-07-18,Sea,37,2025-08-24,Transport_Disruption,84,No
PO000345,7,2002,1,Outlet,RTW,EverGreen Fabrics,MAT00044,2025-05-24,2025-08-26,2025-07-09,2025-07-14,Sea,46,2025-08-29,Transport_Disruption,488,Yes
PO000346,4,2001,2,Mainline,APP,Delta Footwear,MAT00052,2025-05-26,2025-08-03,2025-06-19,2025-06-29,Sea,40,2025-08-08,Material_Delay,711,Yes
PO000347,4,1003,1,Mainline,APP,Crimson Stitch Co,MAT00055,2025-05-22,2025-09-13,2025-08-03,2025-08-28,Sea,41,2025-10-08,Uncontrollable,1425,Yes
PO000348,6,2002,1,Mainline,HBG,EverGreen Fabrics,MAT00021,2025-05-23,2025-09-20,2025-08-02,2025-08-04,Truck,9,2025-08-13,Factory_Delay,731,No
PO000349,7,1002,1,Mainline,ACC,BlueOcean Textiles,MAT00009,2025-05-31,2025-07-20,2025-06-09,2025-06-17,Sea,40,2025-07-27,Material_Delay,678,Yes
PO000350,4,1001,1,Mainline,SHO,Alpha Apparel Ltd,MAT00041,2025-05-06,2025-08-18,2025-07-07,2025-07-09,Sea,45,2025-08-23,Factory_Delay,883,Yes
PO000351,3,2002,1,Mainline,SHO,EverGreen Fabrics,MAT00064,2025-05-24,2025-07-27,2025-06-07,2025-06-19,Sea,37,2025-07-26,Factory_Delay,772,No
PO000352,1,3001,2,Mainline,ACC,Falcon Garments,MAT00097,2025-06-03,2025-09-20,2025-08-08,2025-08-16,Sea,47,2025-10-02,Factory_Delay,94,Yes
PO000353,6,2002,1,Mainline,ACC,EverGreen Fabrics,MAT00039,2025-05-31,2025-07-09,2025-05-28,2025-06-01,Truck,10,2025-06-11,Factory_Delay,240,No
PO000354,1,2002,2,Outlet,ACC,EverGreen Fabrics,MAT00052,2025-05-05,2025-06-08,2025-04-22,2025-04-22,Truck,10,2025-05-02,Internal_Delay,987,No
PO000355,5,1002,1,Mainline,ACC,BlueOcean Textiles,MAT00063,2025-05-09,2025-06-18,2025-05-01,2025-05-01,Air,4,2025-05-05,Uncontrollable,357,No
PO000356,7,1002,1,Outlet,RTW,BlueOcean Textiles,MAT00023,2025-05-29,2025-09-13,2025-08-03,2025-08-03,Truck,15,2025-08-18,Internal_Delay,848,No
PO000357,2,2001,1,Mainline,SHO,Delta Footwear,MAT00025,2025-05-13,2025-08-20,2025-07-03,2025-07-24,Truck,9,2025-08-02,Material_Delay,1005,No
PO000358,3,3001,1,Outlet,HBG,Falcon Garments,MAT00068,2025-05-15,2025-09-10,2025-07-28,2025-07-29,Sea,37,2025-09-04,Internal_Delay,919,No
PO000359,4,3001,1,Mainline,ACC,Falcon Garments,MAT00072,2025-05-18,2025-09-04,2025-07-19,2025-08-02,Truck,8,2025-08-10,Material_Delay,597,No
PO000360,1,3001,1,Outlet,RTW,Falcon Garments,MAT00025,2025-05-17,2025-07-31,2025-06-18,2025-06-26,Sea,48,2025-08-13,Factory_Delay,1357,Yes
PO000361,3,1003,2,Mainline,SHO,Crimson Stitch Co,MAT00048,2025-05-21,2025-08-12,2025-06-30,2025-07-12,Truck,7,2025-07-19,Factory_Delay,718,No
PO000362,7,3001,1,Outlet,RTW,Falcon Garments,MAT00104,2025-05-07,2025-07-02,2025-05-13,2025-05-18,Truck,13,2025-05-31,Material_Delay,1196,No
PO000363,3,1002,1,Mainline,APP,BlueOcean Textiles,MAT00037,2025-05-17,2025-08-02,2025-06-17,2025-06-21,Truck,7,2025-06-28,Uncontrollable,941,No
PO000364,4,1002,1,Outlet,ACC,BlueOcean Textiles,MAT00015,2025-05-08,2025-08-24,2025-07-07,2025-07-07,Truck,8,2025-07-15,Transport_Disruption,1033,No
PO000365,5,3001,2,Mainline,SHO,Falcon Garments,MAT00062,2025-05-15,2025-08-30,2025-07-19,2025-07-26,Sea,50,2025-09-14,Factory_Delay,814,Yes
PO000366,1,3001,1,Mainline,SHO,Falcon Garments,MAT00081,2025-05-14,2025-09-09,2025-07-28,2025-07-30,Sea,47,2025-09-15,Material_Delay,806,Yes
PO000367,6,1003,2,Outlet,HBG,Crimson Stitch Co,MAT00043,2025-05-17,2025-09-03,2025-07-24,2025-08-02,Truck,7,2025-08-09,Factory_Delay,1048,No
PO000368,1,2002,1,Mainline,ACC,EverGreen Fabrics,MAT00105,2025-05-09,2025-08-15,2025-07-05,2025-07-15,Sea,38,2025-08-22,Factory_Delay,1415,Yes
PO000369,6,3001,2,Outlet,ACC,Falcon Garments,MAT00110,2025-06-02,2025-07-19,2025-06-05,2025-06-07,Sea,36,2025-07-13,Uncontrollable,1356,No
PO000370,3,1003,1,Outlet,HBG,Crimson Stitch Co,MAT00055,2025-05-06,2025-08-05,2025-06-17,2025-06-24,Sea,42,2025-08-05,Factory_Delay,674,No
PO000371,5,1002,1,Outlet,ACC,BlueOcean Textiles,MAT00039,2025-05-17,2025-09-02,2025-07-15,2025-07-19,Sea,44,2025-09-01,Internal_Delay,1369,No
PO000372,6,3001,2,Outlet,HBG,Falcon Garments,MAT00052,2025-05-29,2025-07-18,2025-06-07,2025-06-16,Sea,46,2025-08-01,Material_Delay,1371,Yes
PO000373,3,1003,1,Outlet,ACC,Crimson Stitch Co,MAT00038,2025-05-08,2025-08-10,2025-06-26,2025-07-05,Sea,37,2025-08-11,Factory_Delay,623,Yes
PO000374,6,2002,2,Outlet,RTW,EverGreen Fabrics,MAT00041,2025-06-03,2025-09-05,2025-07-18,2025-07-19,Sea,48,2025-09-05,Factory_Delay,520,No
PO000375,1,3001,2,Outlet,ACC,Falcon Garments,MAT00057,2025-06-03,2025-08-06,2025-06-18,2025-06-26,Sea,37,2025-08-02,Factory_Delay,946,No
PO000376,3,2002,2,Mainline,RTW,EverGreen Fabrics,MAT00054,2025-05-26,2025-09-12,2025-07-24,2025-07-31,Sea,35,2025-09-04,Internal_Delay,584,No
PO000377,7,2001,1,Mainline,SHO,Delta Footwear,MAT00046,2025-05-04,2025-08-19,2025-07-06,2025-07-08,Sea,46,2025-08-23,Transport_Disruption,1223,Yes
PO000378,1,2001,1,Mainline,SHO,Delta Footwear,MAT00070,2025-05-19,2025-07-05,2025-05-21,2025-06-03,Sea,44,2025-07-17,Material_Delay,510,Yes
PO000379,7,2001,2,Outlet,APP,Delta Footwear,MAT00109,2025-05-27,2025-08-21,2025-07-06,2025-07-12,Air,8,2025-07-20,Factory_Delay,1227,No
PO000380,3,1003,1,Mainline,HBG,Crimson Stitch Co,MAT00041,2025-05-23,2025-08-31,2025-07-14,2025-07-18,Sea,45,2025-09-01,Internal_Delay,666,Yes
PO000381,1,2002,1,Mainline,SHO,EverGreen Fabrics,MAT00071,2025-05-26,2025-07-24,2025-06-07,2025-06-11,Air,5,2025-06-16,Transport_Disruption,105,No
PO000382,1,3001,2,Mainline,ACC,Falcon Garments,MAT00058,2025-05-02,2025-07-06,2025-05-18,2025-05-18,Sea,41,2025-06-28,Internal_Delay,493,No
PO000383,6,1002,1,Mainline,RTW,BlueOcean Textiles,MAT00048,2025-05-24,2025-08-01,2025-06-19,2025-07-02,Sea,46,2025-08-17,Material_Delay,1391,Yes
PO000384,1,2001,2,Mainline,SHO,Delta Footwear,MAT00075,2025-05-21,2025-07-10,2025-05-22,2025-05-24,Sea,47,2025-07-10,Internal_Delay,962,No
PO000385,2,1002,1,Outlet,SHO,BlueOcean Textiles,MAT00017,2025-05-09,2025-06-21,2025-05-02,2025-05-10,Sea,49,2025-06-28,Factory_Delay,156,Yes
PO000386,4,1001,1,Mainline,APP,Alpha Apparel Ltd,MAT00101,2025-05-19,2025-09-15,2025-07-30,2025-08-07,Sea,48,2025-09-24,Material_Delay,141,Yes
PO000387,1,1002,2,Mainline,HBG,BlueOcean Textiles,MAT00042,2025-05-19,2025-07-04,2025-05-15,2025-05-31,Truck,9,2025-06-09,Material_Delay,1381,No
PO000388,4,2002,1,Mainline,APP,EverGreen Fabrics,MAT00016,2025-05-24,2025-08-22,2025-07-08,2025-07-12,Sea,44,2025-08-25,Material_Delay,1191,Yes
PO000389,2,2002,1,Mainline,APP,EverGreen Fabrics,MAT00080,2025-05-07,2025-08-22,2025-07-13,2025-07-18,Sea,38,2025-08-25,Factory_Delay,1012,Yes
PO000390,4,2001,2,Outlet,APP,Delta Footwear,MAT00030,2025-05-12,2025-09-08,2025-07-20,2025-08-05,Sea,36,2025-09-10,Transport_Disruption,797,Yes
PO000391,2,2002,1,Mainline,SHO,EverGreen Fabrics,MAT00106,2025-05-09,2025-09-02,2025-07-20,2025-08-01,Truck,9,2025-08-10,Material_Delay,1256,No
PO000392,4,1002,2,Mainline,ACC,BlueOcean Textiles,MAT00034,2025-05-06,2025-08-20,2025-07-04,2025-07-08,Sea,45,2025-08-22,Factory_Delay,1319,Yes
PO000393,6,2002,1,Mainline,ACC,EverGreen Fabrics,MAT00006,2025-05-20,2025-07-15,2025-05-30,2025-06-09,Sea,50,2025-07-29,Factory_Delay,1460,Yes
PO000394,2,2002,2,Mainline,ACC,EverGreen Fabrics,MAT00093,2025-05-06,2025-06-21,2025-05-11,2025-05-21,Sea,45,2025-07-05,Factory_Delay,471,Yes
PO000395,2,2002,1,Outlet,SHO,EverGreen Fabrics,MAT00012,2025-06-03,2025-08-12,2025-07-02,2025-07-06,Sea,46,2025-08-21,Transport_Disruption,920,Yes
PO000396,4,1002,1,Mainline,HBG,BlueOcean Textiles,MAT00004,2025-05-18,2025-08-24,2025-07-07,2025-07-11,Truck,8,2025-07-19,Uncontrollable,823,No
PO000397,5,1003,1,Mainline,APP,Crimson Stitch Co,MAT00073,2025-05-02,2025-06-08,2025-04-28,2025-04-29,Truck,14,2025-05-13,Material_Delay,853,No
PO000398,5,1002,1,Mainline,SHO,BlueOcean Textiles,MAT00085,2025-05-22,2025-07-11,2025-05-23,2025-05-31,Truck,13,2025-06-13,Factory_Delay,184,No
PO000399,1,1001,2,Outlet,RTW,Alpha Apparel Ltd,MAT00044,2025-05-22,2025-08-03,2025-06-23,2025-07-05,Truck,14,2025-07-19,Uncontrollable,315,No
PO000400,5,3001,1,Mainline,HBG,Falcon Garments,MAT00059,2025-05-18,2025-08-11,2025-06-30,2025-07-08,Truck,15,2025-07-23,Material_Delay,1253,No
PO000401,2,1002,1,Mainline,SHO,BlueOcean Textiles,MAT00057,2025-05-23,2025-07-22,2025-06-08,2025-06-15,Sea,36,2025-07-21,Material_Delay,645,No
PO000402,3,1003,1,Mainline,RTW,Crimson Stitch Co,MAT00030,2025-05-10,2025-09-03,2025-07-18,2025-08-05,Truck,10,2025-08-15,Uncontrollable,1234,No
PO000403,7,2002,2,Mainline,ACC,EverGreen Fabrics,MAT00082,2025-05-30,2025-07-17,2025-06-06,2025-06-07,Air,8,2025-06-15,Internal_Delay,1066,No
PO000404,2,1001,1,Mainline,RTW,Alpha Apparel Ltd,MAT00083,2025-05-29,2025-06-30,2025-05-20,2025-05-23,Sea,49,2025-07-11,Material_Delay,947,Yes
PO000405,3,2001,2,Mainline,APP,Delta Footwear,MAT00002,2025-05-07,2025-07-01,2025-05-21,2025-05-27,Truck,11,2025-06-07,Transport_Disruption,1470,No
PO000406,5,1003,2,Mainline,RTW,Crimson Stitch Co,MAT00110,2025-05-15,2025-06-20,2025-05-08,2025-05-11,Sea,49,2025-06-29,Material_Delay,759,Yes
PO000407,1,2001,1,Mainline,RTW,Delta Footwear,MAT00023,2025-05-29,2025-09-20,2025-08-01,2025-08-09,Sea,47,2025-09-25,Uncontrollable,304,Yes
PO000408,4,2002,1,Mainline,SHO,EverGreen Fabrics,MAT00101,2025-06-02,2025-07-10,2025-05-25,2025-06-02,Sea,42,2025-07-14,Uncontrollable,148,Yes
PO000409,5,1002,2,Outlet,SHO,BlueOcean Textiles,MAT00109,2025-05-14,2025-08-26,2025-07-16,2025-07-18,Sea,39,2025-08-26,Material_Delay,817,No
PO000410,3,1002,1,Mainline,RTW,BlueOcean Textiles,MAT00093,2025-05-19,2025-08-10,2025-06-23,2025-07-03,Air,5,2025-07-08,Factory_Delay,897,No
PO000411,4,1001,1,Mainline,RTW,Alpha Apparel Ltd,MAT00067,2025-05-09,2025-08-07,2025-06-22,2025-07-05,Sea,43,2025-08-17,Factory_Delay,1328,Yes
PO000412,5,1002,2,Mainline,APP,BlueOcean Textiles,MAT00069,2025-06-03,2025-07-03,2025-05-20,2025-05-22,Sea,45,2025-07-06,Transport_Disruption,908,Yes
PO000413,3,3001,2,Mainline,HBG,Falcon Garments,MAT00062,2025-05-23,2025-07-13,2025-05-27,2025-06-02,Sea,42,2025-07-14,Transport_Disruption,296,Yes
PO000414,6,1003,1,Outlet,HBG,Crimson Stitch Co,MAT00090,2025-05-16,2025-08-10,2025-07-01,2025-07-01,Sea,46,2025-08-16,Material_Delay,975,Yes
PO000415,4,1003,1,Mainline,HBG,Crimson Stitch Co,MAT00049,2025-05-12,2025-08-04,2025-06-19,2025-06-27,Truck,11,2025-07-08,Material_Delay,1157,No
PO000416,7,2001,1,Mainline,HBG,Delta Footwear,MAT00037,2025-05-13,2025-06-30,2025-05-12,2025-05-21,Sea,38,2025-06-28,Factory_Delay,869,No
PO000417,3,2002,1,Mainline,RTW,EverGreen Fabrics,MAT00068,2025-06-03,2025-09-06,2025-07-22,2025-07-22,Sea,44,2025-09-04,Factory_Delay,443,No
PO000418,2,3001,1,Outlet,RTW,Falcon Garments,MAT00008,2025-05-01,2025-08-16,2025-07-01,2025-07-03,Sea,35,2025-08-07,Internal_Delay,118,No
PO000419,2,1001,1,Mainline,ACC,Alpha Apparel Ltd,MAT00063,2025-05-19,2025-08-06,2025-06-17,2025-07-01,Truck,10,2025-07-11,Factory_Delay,1451,No
PO000420,4,1002,1,Outlet,SHO,BlueOcean Textiles,MAT00091,2025-05-21,2025-09-07,2025-07-26,2025-08-26,Sea,40,2025-10-05,Uncontrollable,743,Yes
PO000421,1,2001,1,Mainline,HBG,Delta Footwear,MAT00093,2025-05-19,2025-08-21,2025-07-04,2025-07-04,Truck,12,2025-07-16,Internal_Delay,104,No
PO000422,4,2001,1,Outlet,ACC,Delta Footwear,MAT00077,2025-05-23,2025-09-02,2025-07-14,2025-07-14,Air,5,2025-07-19,Transport_Disruption,91,No
PO000423,3,2001,2,Mainline,SHO,Delta Footwear,MAT00063,2025-05-19,2025-07-04,2025-05-19,2025-06-03,Sea,38,2025-07-11,Uncontrollable,473,Yes
PO000424,5,2001,2,Outlet,APP,Delta Footwear,MAT00068,2025-05-24,2025-07-21,2025-06-09,2025-06-09,Sea,39,2025-07-18,Factory_Delay,1219,No
PO000425,2,1001,1,Mainline,ACC,Alpha Apparel Ltd,MAT00099,2025-05-23,2025-09-10,2025-07-22,2025-08-09,Sea,47,2025-09-25,Material_Delay,468,Yes
PO000426,6,1003,1,Outlet,HBG,Crimson Stitch Co,MAT00085,2025-05-01,2025-06-09,2025-04-30,2025-05-06,Sea,46,2025-06-21,Factory_Delay,903,Yes
PO000427,2,3001,1,Outlet,ACC,Falcon Garments,MAT00039,2025-05-29,2025-09-17,2025-08-05,2025-08-07,Sea,40,2025-09-16,Transport_Disruption,560,No
PO000428,1,1003,2,Mainline,ACC,Crimson Stitch Co,MAT00035,2025-05-18,2025-06-21,2025-05-05,2025-05-13,Sea,46,2025-06-28,Internal_Delay,1277,Yes
PO000429,2,1003,1,Mainline,APP,Crimson Stitch Co,MAT00038,2025-05-04,2025-08-20,2025-07-08,2025-07-16,Sea,46,2025-08-31,Factory_Delay,957,Yes
PO000430,7,1002,2,Mainline,APP,BlueOcean Textiles,MAT00017,2025-05-04,2025-08-12,2025-07-01,2025-07-07,Sea,41,2025-08-17,Transport_Disruption,168,Yes
PO000431,2,3001,1,Outlet,ACC,Falcon Garments,MAT00034,2025-05-15,2025-08-30,2025-07-16,2025-07-16,Sea,44,2025-08-29,Internal_Delay,558,No
PO000432,4,2002,1,Mainline,SHO,EverGreen Fabrics,MAT00004,2025-05-10,2025-09-04,2025-07-16,2025-07-22,Truck,15,2025-08-06,Factory_Delay,766,No
PO000433,3,2002,1,Outlet,ACC,EverGreen Fabrics,MAT00099,2025-05-03,2025-08-08,2025-06-27,2025-07-01,Sea,43,2025-08-13,Material_Delay,1369,Yes
PO000434,5,2001,2,Mainline,HBG,Delta Footwear,MAT00036,2025-05-17,2025-06-17,2025-05-06,2025-05-14,Sea,46,2025-06-29,Internal_Delay,220,Yes
PO000435,3,1002,1,Mainline,ACC,BlueOcean Textiles,MAT00099,2025-05-12,2025-09-06,2025-07-22,2025-08-01,Air,4,2025-08-05,Transport_Disruption,1130,No
PO000436,6,2002,1,Mainline,SHO,EverGreen Fabrics,MAT00011,2025-05-07,2025-07-31,2025-06-20,2025-07-02,Sea,42,2025-08-13,Transport_Disruption,592,Yes
PO000437,3,2002,1,Mainline,HBG,EverGreen Fabrics,MAT00063,2025-06-01,2025-07-20,2025-06-08,2025-06-25,Sea,47,2025-08-11,Factory_Delay,444,Yes
PO000438,6,2002,1,Mainline,SHO,EverGreen Fabrics,MAT00086,2025-05-20,2025-09-15,2025-07-27,2025-07-27,Sea,38,2025-09-03,Internal_Delay,1362,No
PO000439,6,1002,1,Mainline,RTW,BlueOcean Textiles,MAT00037,2025-05-30,2025-08-31,2025-07-21,2025-07-27,Sea,36,2025-09-01,Factory_Delay,563,Yes
PO000440,6,2002,1,Mainline,APP,EverGreen Fabrics,MAT00053,2025-05-20,2025-07-12,2025-06-02,2025-06-10,Sea,44,2025-07-24,Material_Delay,177,Yes
PO000441,7,1002,2,Mainline,RTW,BlueOcean Textiles,MAT00087,2025-05-28,2025-08-18,2025-07-08,2025-07-22,Truck,9,2025-07-31,Material_Delay,1112,No
PO000442,4,3001,1,Mainline,APP,Falcon Garments,MAT00011,2025-06-02,2025-08-28,2025-07-19,2025-07-25,Truck,12,2025-08-06,Transport_Disruption,1119,No
PO000443,2,1003,1,Mainline,ACC,Crimson Stitch Co,MAT00065,2025-05-31,2025-07-27,2025-06-13,2025-06-18,Sea,36,2025-07-24,Internal_Delay,259,No
PO000444,6,2001,1,Outlet,HBG,Delta Footwear,MAT00002,2025-06-03,2025-08-31,2025-07-17,2025-08-12,Sea,46,2025-09-27,Uncontrollable,725,Yes
PO000445,6,2002,1,Outlet,HBG,EverGreen Fabrics,MAT00003,2025-05-10,2025-06-13,2025-05-03,2025-05-14,Sea,42,2025-06-25,Transport_Disruption,1334,Yes
PO000446,6,1003,1,Mainline,ACC,Crimson Stitch Co,MAT00052,2025-05-31,2025-07-12,2025-05-30,2025-06-20,Sea,36,2025-07-26,Uncontrollable,487,Yes
PO000447,3,3001,1,Mainline,HBG,Falcon Garments,MAT00011,2025-05-08,2025-06-14,2025-04-25,2025-04-30,Sea,50,2025-06-19,Transport_Disruption,1344,Yes
PO000448,6,1002,2,Outlet,APP,BlueOcean Textiles,MAT00084,2025-05-22,2025-08-30,2025-07-17,2025-08-03,Sea,40,2025-09-12,Material_Delay,461,Yes
PO000449,6,3001,2,Mainline,HBG,Falcon Garments,MAT00091,2025-05-24,2025-09-07,2025-07-28,2025-08-11,Truck,11,2025-08-22,Material_Delay,603,No
PO000450,7,1002,1,Mainline,SHO,BlueOcean Textiles,MAT00025,2025-05-09,2025-07-04,2025-05-15,2025-05-20,Sea,43,2025-07-02,Factory_Delay,1198,No
PO000451,3,3001,1,Mainline,SHO,Falcon Garments,MAT00058,2025-05-18,2025-09-11,2025-07-24,2025-08-04,Sea,35,2025-09-08,Factory_Delay,1282,No
PO000452,3,1001,1,Outlet,HBG,Alpha Apparel Ltd,MAT00003,2025-05-11,2025-09-05,2025-07-22,2025-07-29,Sea,47,2025-09-14,Transport_Disruption,498,Yes
PO000453,7,1002,2,Mainline,ACC,BlueOcean Textiles,MAT00081,2025-05-15,2025-06-29,2025-05-18,2025-05-27,Air,8,2025-06-04,Material_Delay,446,No
PO000454,2,1003,1,Mainline,SHO,Crimson Stitch Co,MAT00050,2025-05-23,2025-08-31,2025-07-22,2025-08-08,Sea,35,2025-09-12,Material_Delay,210,Yes
PO000455,5,1002,2,Mainline,APP,BlueOcean Textiles,MAT00020,2025-06-01,2025-07-28,2025-06-08,2025-06-23,Sea,37,2025-07-30,Material_Delay,1398,Yes
PO000456,3,3001,1,Outlet,RTW,Falcon Garments,MAT00053,2025-05-04,2025-07-08,2025-05-22,2025-05-22,Sea,43,2025-07-04,Internal_Delay,963,No
PO000457,6,1002,1,Mainline,RTW,BlueOcean Textiles,MAT00054,2025-05-26,2025-09-17,2025-07-29,2025-08-05,Air,8,2025-08-13,Internal_Delay,563,No
PO000458,4,3001,1,Mainline,SHO,Falcon Garments,MAT00103,2025-05-20,2025-06-20,2025-05-03,2025-05-12,Truck,8,2025-05-20,Factory_Delay,1461,No
PO000459,4,2002,1,Mainline,ACC,EverGreen Fabrics,MAT00005,2025-05-17,2025-07-17,2025-06-06,2025-06-13,Truck,15,2025-06-28,Uncontrollable,1102,No
PO000460,5,1002,2,Mainline,SHO,BlueOcean Textiles,MAT00029,2025-05-15,2025-06-17,2025-04-29,2025-05-22,Sea,41,2025-07-02,Material_Delay,769,Yes
PO000461,3,3001,2,Outlet,SHO,Falcon Garments,MAT00064,2025-05-18,2025-08-13,2025-06-27,2025-07-03,Air,8,2025-07-11,Internal_Delay,569,No
PO000462,4,1002,2,Mainline,RTW,BlueOcean Textiles,MAT00009,2025-06-01,2025-08-02,2025-06-15,2025-06-16,Sea,37,2025-07-23,Factory_Delay,523,No
PO000463,1,2002,1,Mainline,ACC,EverGreen Fabrics,MAT00046,2025-05-04,2025-06-27,2025-05-10,2025-05-16,Sea,50,2025-07-05,Factory_Delay,80,Yes
PO000464,4,1002,1,Mainline,RTW,BlueOcean Textiles,MAT00058,2025-05-10,2025-08-03,2025-06-24,2025-07-02,Truck,13,2025-07-15,Material_Delay,935,No
PO000465,7,1003,2,Mainline,RTW,Crimson Stitch Co,MAT00070,2025-05-12,2025-08-15,2025-07-06,2025-07-07,Sea,48,2025-08-24,Transport_Disruption,605,Yes
PO000466,6,2002,1,Mainline,RTW,EverGreen Fabrics,MAT00030,2025-05-08,2025-08-02,2025-06-21,2025-06-27,Truck,9,2025-07-06,Factory_Delay,822,No
PO000467,3,1003,1,Mainline,SHO,Crimson Stitch Co,MAT00027,2025-05-19,2025-08-06,2025-06-26,2025-06-28,Truck,7,2025-07-05,Internal_Delay,416,No
PO000468,7,1002,1,Mainline,SHO,BlueOcean Textiles,MAT00092,2025-05-05,2025-07-22,2025-06-11,2025-06-18,Truck,7,2025-06-25,Transport_Disruption,840,No
PO000469,1,1003,2,Mainline,SHO,Crimson Stitch Co,MAT00016,2025-05-13,2025-07-20,2025-05-31,2025-06-26,Air,5,2025-07-01,Material_Delay,727,No
PO000470,2,1002,1,Mainline,SHO,BlueOcean Textiles,MAT00017,2025-05-29,2025-08-24,2025-07-10,2025-07-12,Sea,44,2025-08-25,Internal_Delay,1172,Yes
PO000471,6,3001,2,Mainline,SHO,Falcon Garments,MAT00089,2025-05-13,2025-09-04,2025-07-24,2025-07-30,Sea,43,2025-09-11,Factory_Delay,830,Yes
PO000472,2,1003,2,Mainline,ACC,Crimson Stitch Co,MAT00106,2025-05-06,2025-07-22,2025-06-02,2025-06-07,Sea,43,2025-07-20,Transport_Disruption,1445,No
PO000473,4,2002,2,Mainline,APP,EverGreen Fabrics,MAT00069,2025-05-01,2025-08-29,2025-07-11,2025-07-16,Sea,42,2025-08-27,Factory_Delay,1172,No
PO000474,6,2001,2,Outlet,RTW,Delta Footwear,MAT00035,2025-05-15,2025-08-12,2025-07-02,2025-07-14,Sea,35,2025-08-18,Uncontrollable,1265,Yes
PO000475,3,1002,1,Outlet,ACC,BlueOcean Textiles,MAT00104,2025-05-26,2025-07-23,2025-06-05,2025-06-12,Truck,12,2025-06-24,Transport_Disruption,1222,No
PO000476,1,1001,1,Outlet,APP,Alpha Apparel Ltd,MAT00100,2025-05-28,2025-08-10,2025-06-21,2025-06-24,Sea,38,2025-08-01,Uncontrollable,948,No
PO000477,4,2001,1,Mainline,RTW,Delta Footwear,MAT00009,2025-05-21,2025-06-30,2025-05-15,2025-05-23,Sea,48,2025-07-10,Factory_Delay,1247,Yes
PO000478,5,1003,2,Mainline,HBG,Crimson Stitch Co,MAT00002,2025-05-27,2025-06-27,2025-05-14,2025-05-15,Sea,38,2025-06-22,Transport_Disruption,990,No
PO000479,5,2002,2,Outlet,APP,EverGreen Fabrics,MAT00025,2025-05-02,2025-07-02,2025-05-22,2025-06-03,Sea,47,2025-07-20,Material_Delay,964,Yes
PO000480,4,1001,1,Mainline,RTW,Alpha Apparel Ltd,MAT00098,2025-05-22,2025-09-05,2025-07-25,2025-07-26,Truck,11,2025-08-06,Internal_Delay,517,No
PO000481,7,2002,1,Outlet,SHO,EverGreen Fabrics,MAT00084,2025-05-16,2025-08-29,2025-07-19,2025-07-24,Sea,36,2025-08-29,Internal_Delay,520,No
PO000482,2,2002,2,Outlet,APP,EverGreen Fabrics,MAT00063,2025-05-05,2025-08-28,2025-07-17,2025-07-19,Truck,8,2025-07-27,Internal_Delay,565,No
PO000483,2,2002,1,Mainline,SHO,EverGreen Fabrics,MAT00082,2025-05-29,2025-07-20,2025-06-04,2025-06-18,Air,4,2025-06-22,Factory_Delay,1052,No
PO000484,1,1002,1,Mainline,ACC,BlueOcean Textiles,MAT00053,2025-05-13,2025-09-01,2025-07-19,2025-07-29,Sea,42,2025-09-09,Material_Delay,1146,Yes
PO000485,1,2002,2,Outlet,ACC,EverGreen Fabrics,MAT00101,2025-06-03,2025-09-24,2025-08-13,2025-08-16,Sea,49,2025-10-04,Factory_Delay,641,Yes
PO000486,7,1003,1,Mainline,APP,Crimson Stitch Co,MAT00035,2025-05-21,2025-08-08,2025-06-29,2025-07-05,Sea,43,2025-08-17,Material_Delay,1207,Yes
PO000487,3,2001,2,Mainline,RTW,Delta Footwear,MAT00061,2025-05-03,2025-08-24,2025-07-10,2025-07-18,Air,8,2025-07-26,Factory_Delay,1099,No
PO000488,1,3001,1,Mainline,SHO,Falcon Garments,MAT00031,2025-05-24,2025-08-20,2025-07-10,2025-07-18,Sea,38,2025-08-25,Factory_Delay,817,Yes
PO000489,2,2002,1,Outlet,ACC,EverGreen Fabrics,MAT00032,2025-05-18,2025-07-04,2025-05-19,2025-05-28,Sea,39,2025-07-06,Transport_Disruption,909,Yes
PO000490,3,1003,2,Outlet,APP,Crimson Stitch Co,MAT00094,2025-05-23,2025-07-10,2025-05-31,2025-06-02,Truck,8,2025-06-10,Material_Delay,1437,No
PO000491,2,2001,1,Mainline,SHO,Delta Footwear,MAT00038,2025-05-23,2025-08-19,2025-07-09,2025-07-21,Truck,11,2025-08-01,Material_Delay,1347,No
PO000492,7,3001,1,Mainline,ACC,Falcon Garments,MAT00009,2025-05-11,2025-08-11,2025-06-24,2025-07-01,Sea,46,2025-08-16,Factory_Delay,124,Yes
PO000493,7,1001,2,Outlet,ACC,Alpha Apparel Ltd,MAT00048,2025-05-22,2025-07-11,2025-05-25,2025-05-30,Sea,48,2025-07-17,Material_Delay,570,Yes
PO000494,1,1003,1,Mainline,SHO,Crimson Stitch Co,MAT00097,2025-05-08,2025-08-26,2025-07-17,2025-07-18,Truck,9,2025-07-27,Factory_Delay,445,No
PO000495,4,2001,1,Mainline,RTW,Delta Footwear,MAT00081,2025-06-01,2025-07-07,2025-05-18,2025-05-22,Sea,42,2025-07-03,Factory_Delay,278,No
PO000496,6,1002,2,Mainline,HBG,BlueOcean Textiles,MAT00018,2025-05-12,2025-08-06,2025-06-27,2025-07-03,Truck,13,2025-07-16,Factory_Delay,795,No
PO000497,3,2001,2,Mainline,SHO,Delta Footwear,MAT00078,2025-05-18,2025-07-10,2025-05-28,2025-06-05,Sea,39,2025-07-14,Material_Delay,1042,Yes
PO000498,1,1002,1,Mainline,SHO,BlueOcean Textiles,MAT00057,2025-06-03,2025-07-09,2025-05-27,2025-05-30,Sea,46,2025-07-15,Factory_Delay,102,Yes
PO000499,2,3001,2,Outlet,HBG,Falcon Garments,MAT00007,2025-05-28,2025-09-03,2025-07-17,2025-07-28,Sea,46,2025-09-12,Material_Delay,921,Yes
PO000500,3,2002,1,Mainline,ACC,EverGreen Fabrics,MAT00058,2025-05-09,2025-07-25,2025-06-07,2025-06-12,Sea,44,2025-07-26,Transport_Disruption,842,Yes
PO000501,4,3001,1,Mainline,ACC,Falcon Garments,MAT00104,2025-05-10,2025-08-10,2025-06-24,2025-07-13,Truck,7,2025-07-20,Material_Delay,801,No
PO000502,2,1003,2,Mainline,HBG,Crimson Stitch Co,MAT00082,2025-05-11,2025-07-27,2025-06-08,2025-06-21,Truck,14,2025-07-05,Factory_Delay,1294,No
PO000503,3,3001,1,Mainline,RTW,Falcon Garments,MAT00097,2025-05-10,2025-08-02,2025-06-20,2025-07-03,Sea,42,2025-08-14,Factory_Delay,798,Yes
PO000504,3,1003,1,Mainline,RTW,Crimson Stitch Co,MAT00017,2025-05-08,2025-08-02,2025-06-22,2025-06-29,Sea,37,2025-08-05,Material_Delay,1272,Yes
PO000505,7,2002,2,Mainline,ACC,EverGreen Fabrics,MAT00062,2025-05-24,2025-08-07,2025-06-23,2025-06-24,Truck,12,2025-07-06,Internal_Delay,1209,No
PO000506,6,2002,1,Mainline,APP,EverGreen Fabrics,MAT00017,2025-06-02,2025-08-17,2025-07-01,2025-07-01,Sea,35,2025-08-05,Transport_Disruption,493,No
PO000507,1,2002,1,Mainline,RTW,EverGreen Fabrics,MAT00010,2025-05-06,2025-06-17,2025-04-28,2025-04-28,Sea,43,2025-06-10,Factory_Delay,244,No
PO000508,3,2001,2,Mainline,HBG,Delta Footwear,MAT00011,2025-05-26,2025-09-10,2025-07-28,2025-07-28,Sea,40,2025-09-06,Factory_Delay,949,No
PO000509,5,3001,1,Mainline,APP,Falcon Garments,MAT00031,2025-05-23,2025-08-28,2025-07-12,2025-07-27,Sea,46,2025-09-11,Factory_Delay,1080,Yes
PO000510,3,1002,1,Mainline,HBG,BlueOcean Textiles,MAT00105,2025-06-03,2025-09-17,2025-08-04,2025-08-15,Truck,7,2025-08-22,Factory_Delay,179,No
PO000511,5,2002,1,Outlet,HBG,EverGreen Fabrics,MAT00020,2025-05-12,2025-08-22,2025-07-09,2025-07-23,Sea,43,2025-09-04,Uncontrollable,1444,Yes
PO000512,3,3001,1,Outlet,RTW,Falcon Garments,MAT00086,2025-05-08,2025-08-26,2025-07-10,2025-07-16,Sea,44,2025-08-29,Internal_Delay,1277,Yes
PO000513,6,3001,2,Mainline,APP,Falcon Garments,MAT00106,2025-05-29,2025-07-17,2025-05-28,2025-06-01,Sea,47,2025-07-18,Transport_Disruption,666,Yes
PO000514,4,1002,1,Mainline,HBG,BlueOcean Textiles,MAT00079,2025-05-09,2025-07-16,2025-06-05,2025-06-09,Truck,13,2025-06-22,Internal_Delay,451,No
PO000515,7,3001,2,Mainline,ACC,Falcon Garments,MAT00098,2025-05-05,2025-08-24,2025-07-12,2025-07-12,Truck,14,2025-07-26,Internal_Delay,893,No
PO000516,5,2001,1,Mainline,HBG,Delta Footwear,MAT00058,2025-05-29,2025-09-15,2025-08-01,2025-08-08,Sea,45,2025-09-22,Factory_Delay,837,Yes
PO000517,3,3001,1,Mainline,ACC,Falcon Garments,MAT00104,2025-06-02,2025-08-01,2025-06-22,2025-06-22,Air,4,2025-06-26,Transport_Disruption,750,No
PO000518,3,1003,1,Mainline,APP,Crimson Stitch Co,MAT00108,2025-05-30,2025-07-15,2025-06-05,2025-06-09,Truck,8,2025-06-17,Factory_Delay,94,No
PO000519,4,1003,1,Outlet,APP,Crimson Stitch Co,MAT00063,2025-05-23,2025-07-23,2025-06-12,2025-06-23,Sea,38,2025-07-31,Material_Delay,406,Yes
PO000520,1,3001,2,Outlet,ACC,Falcon Garments,MAT00082,2025-05-19,2025-08-03,2025-06-19,2025-07-04,Sea,38,2025-08-11,Factory_Delay,993,Yes